﻿{"data":[{"GPOChanges":{"LocalAdmins":[],"RemoteDesktopUsers":[],"DcomUsers":[],"PSRemoteUsers":[],"AffectedComputers":[]},"Properties":{"domain":"XIAORANG.LAB","name":"DOMAIN CONTROLLERS@XIAORANG.LAB","distinguishedname":"OU=DOMAIN CONTROLLERS,DC=XIAORANG,DC=LAB","domainsid":"S-1-5-21-1221599514-3194961069-2258431992","highvalue":false,"description":"Default container for domain controllers","whencreated":1694470354,"blocksinheritance":false},"Links":[{"IsEnforced":false,"GUID":"A399FE5F-D61C-4178-BAE3-AFB3B26428B4"}],"ChildObjects":[{"ObjectIdentifier":"S-1-5-21-1221599514-3194961069-2258431992-1000","ObjectType":"Computer"}],"Aces":[{"PrincipalSID":"S-1-5-21-1221599514-3194961069-2258431992-512","PrincipalType":"Group","RightName":"Owns","IsInherited":false},{"PrincipalSID":"S-1-5-21-1221599514-3194961069-2258431992-512","PrincipalType":"Group","RightName":"WriteDacl","IsInherited":false},{"PrincipalSID":"S-1-5-21-1221599514-3194961069-2258431992-512","PrincipalType":"Group","RightName":"WriteOwner","IsInherited":false},{"PrincipalSID":"S-1-5-21-1221599514-3194961069-2258431992-519","PrincipalType":"Group","RightName":"GenericAll","IsInherited":true},{"PrincipalSID":"XIAORANG.LAB-S-1-5-32-544","PrincipalType":"Group","RightName":"WriteDacl","IsInherited":true},{"PrincipalSID":"XIAORANG.LAB-S-1-5-32-544","PrincipalType":"Group","RightName":"WriteOwner","IsInherited":true}],"ObjectIdentifier":"DACBC5A8-CC4C-4C3E-A15A-D5E8CA233FED","IsDeleted":false,"IsACLProtected":false}],"meta":{"methods":29675,"type":"ous","count":1,"version":5}}