﻿{"data":[{"Properties":{"domain":"XIAORANG.LAB","name":"ADMINISTRATORS@XIAORANG.LAB","distinguishedname":"CN=ADMINISTRATORS,CN=BUILTIN,DC=XIAORANG,DC=LAB","domainsid":"S-1-5-21-1221599514-3194961069-2258431992","highvalue":true,"samaccountname":"Administrators","description":"管理员对计算机/域有不受限制的完全访问权","whencreated":1694470354,"admincount":true},"Members":[{"ObjectIdentifier":"S-1-5-21-1221599514-3194961069-2258431992-512","ObjectType":"Group"},{"ObjectIdentifier":"S-1-5-21-1221599514-3194961069-2258431992-519","ObjectType":"Group"},{"ObjectIdentifier":"S-1-5-21-1221599514-3194961069-2258431992-500","ObjectType":"User"}],"Aces":[{"PrincipalSID":"S-1-5-21-1221599514-3194961069-2258431992-512","PrincipalType":"Group","RightName":"Owns","IsInherited":false},{"PrincipalSID":"XIAORANG.LAB-S-1-5-32-544","PrincipalType":"Group","RightName":"WriteDacl","IsInherited":false},{"PrincipalSID":"XIAORANG.LAB-S-1-5-32-544","PrincipalType":"Group","RightName":"WriteOwner","IsInherited":false},{"PrincipalSID":"XIAORANG.LAB-S-1-5-32-544","PrincipalType":"Group","RightName":"GenericWrite","IsInherited":false},{"PrincipalSID":"S-1-5-21-1221599514-3194961069-2258431992-512","PrincipalType":"Group","RightName":"WriteDacl","IsInherited":false},{"PrincipalSID":"S-1-5-21-1221599514-3194961069-2258431992-512","PrincipalType":"Group","RightName":"WriteOwner","IsInherited":false},{"PrincipalSID":"S-1-5-21-1221599514-3194961069-2258431992-512","PrincipalType":"Group","RightName":"GenericWrite","IsInherited":false},{"PrincipalSID":"S-1-5-21-1221599514-3194961069-2258431992-519","PrincipalType":"Group","RightName":"WriteDacl","IsInherited":false},{"PrincipalSID":"S-1-5-21-1221599514-3194961069-2258431992-519","PrincipalType":"Group","RightName":"WriteOwner","IsInherited":false},{"PrincipalSID":"S-1-5-21-1221599514-3194961069-2258431992-519","PrincipalType":"Group","RightName":"GenericWrite","IsInherited":false}],"ObjectIdentifier":"XIAORANG.LAB-S-1-5-32-544","IsDeleted":false,"IsACLProtected":true},{"Properties":{"domain":"XIAORANG.LAB","name":"GUESTS@XIAORANG.LAB","distinguishedname":"CN=GUESTS,CN=BUILTIN,DC=XIAORANG,DC=LAB","domainsid":"S-1-5-21-1221599514-3194961069-2258431992","highvalue":false,"samaccountname":"Guests","description":"按默认值，来宾跟用户组的成员有同等访问权，但来宾帐户的限制更多","whencreated":1694470354,"admincount":false},"Members":[{"ObjectIdentifier":"S-1-5-21-1221599514-3194961069-2258431992-514","ObjectType":"Group"},{"ObjectIdentifier":"S-1-5-21-1221599514-3194961069-2258431992-501","ObjectType":"User"}],"Aces":[{"PrincipalSID":"XIAORANG.LAB-S-1-5-32-544","PrincipalType":"Group","RightName":"Owns","IsInherited":false},{"PrincipalSID":"XIAORANG.LAB-S-1-5-32-548","PrincipalType":"Group","RightName":"GenericAll","IsInherited":false},{"PrincipalSID":"S-1-5-21-1221599514-3194961069-2258431992-512","PrincipalType":"Group","RightName":"GenericAll","IsInherited":false},{"PrincipalSID":"S-1-5-21-1221599514-3194961069-2258431992-519","PrincipalType":"Group","RightName":"GenericAll","IsInherited":true},{"PrincipalSID":"XIAORANG.LAB-S-1-5-32-544","PrincipalType":"Group","RightName":"WriteDacl","IsInherited":true},{"PrincipalSID":"XIAORANG.LAB-S-1-5-32-544","PrincipalType":"Group","RightName":"WriteOwner","IsInherited":true},{"PrincipalSID":"XIAORANG.LAB-S-1-5-32-544","PrincipalType":"Group","RightName":"GenericWrite","IsInherited":true}],"ObjectIdentifier":"XIAORANG.LAB-S-1-5-32-546","IsDeleted":false,"IsACLProtected":false},{"Properties":{"domain":"XIAORANG.LAB","name":"SYSTEM MANAGED ACCOUNTS GROUP@XIAORANG.LAB","distinguishedname":"CN=SYSTEM MANAGED ACCOUNTS GROUP,CN=BUILTIN,DC=XIAORANG,DC=LAB","domainsid":"S-1-5-21-1221599514-3194961069-2258431992","highvalue":false,"samaccountname":"System Managed Accounts Group","description":"此组的成员由系统管理。","whencreated":1694470354,"admincount":false},"Members":[{"ObjectIdentifier":"S-1-5-21-1221599514-3194961069-2258431992-503","ObjectType":"User"}],"Aces":[{"PrincipalSID":"XIAORANG.LAB-S-1-5-32-544","PrincipalType":"Group","RightName":"Owns","IsInherited":false},{"PrincipalSID":"XIAORANG.LAB-S-1-5-32-548","PrincipalType":"Group","RightName":"GenericAll","IsInherited":false},{"PrincipalSID":"S-1-5-21-1221599514-3194961069-2258431992-512","PrincipalType":"Group","RightName":"GenericAll","IsInherited":false},{"PrincipalSID":"S-1-5-21-1221599514-3194961069-2258431992-519","PrincipalType":"Group","RightName":"GenericAll","IsInherited":true},{"PrincipalSID":"XIAORANG.LAB-S-1-5-32-544","PrincipalType":"Group","RightName":"WriteDacl","IsInherited":true},{"PrincipalSID":"XIAORANG.LAB-S-1-5-32-544","PrincipalType":"Group","RightName":"WriteOwner","IsInherited":true},{"PrincipalSID":"XIAORANG.LAB-S-1-5-32-544","PrincipalType":"Group","RightName":"GenericWrite","IsInherited":true}],"ObjectIdentifier":"XIAORANG.LAB-S-1-5-32-581","IsDeleted":false,"IsACLProtected":false},{"Properties":{"domain":"XIAORANG.LAB","name":"CERT PUBLISHERS@XIAORANG.LAB","distinguishedname":"CN=CERT PUBLISHERS,CN=USERS,DC=XIAORANG,DC=LAB","domainsid":"S-1-5-21-1221599514-3194961069-2258431992","highvalue":false,"samaccountname":"Cert Publishers","description":"此组的成员被允许发布证书到目录","whencreated":1694470388,"admincount":false},"Members":[{"ObjectIdentifier":"S-1-5-21-1221599514-3194961069-2258431992-1000","ObjectType":"Computer"}],"Aces":[{"PrincipalSID":"S-1-5-21-1221599514-3194961069-2258431992-512","PrincipalType":"Group","RightName":"Owns","IsInherited":false},{"PrincipalSID":"XIAORANG.LAB-S-1-5-32-548","PrincipalType":"Group","RightName":"GenericAll","IsInherited":false},{"PrincipalSID":"S-1-5-21-1221599514-3194961069-2258431992-512","PrincipalType":"Group","RightName":"GenericAll","IsInherited":false},{"PrincipalSID":"S-1-5-21-1221599514-3194961069-2258431992-519","PrincipalType":"Group","RightName":"GenericAll","IsInherited":true},{"PrincipalSID":"XIAORANG.LAB-S-1-5-32-544","PrincipalType":"Group","RightName":"WriteDacl","IsInherited":true},{"PrincipalSID":"XIAORANG.LAB-S-1-5-32-544","PrincipalType":"Group","RightName":"WriteOwner","IsInherited":true},{"PrincipalSID":"XIAORANG.LAB-S-1-5-32-544","PrincipalType":"Group","RightName":"GenericWrite","IsInherited":true}],"ObjectIdentifier":"S-1-5-21-1221599514-3194961069-2258431992-517","IsDeleted":false,"IsACLProtected":false},{"Properties":{"domain":"XIAORANG.LAB","name":"DENIED RODC PASSWORD REPLICATION GROUP@XIAORANG.LAB","distinguishedname":"CN=DENIED RODC PASSWORD REPLICATION GROUP,CN=USERS,DC=XIAORANG,DC=LAB","domainsid":"S-1-5-21-1221599514-3194961069-2258431992","highvalue":false,"samaccountname":"Denied RODC Password Replication Group","description":"不允许将此组中成员的密码复制到域中的所有只读域控制器","whencreated":1694470388,"admincount":false},"Members":[{"ObjectIdentifier":"S-1-5-21-1221599514-3194961069-2258431992-521","ObjectType":"Group"},{"ObjectIdentifier":"S-1-5-21-1221599514-3194961069-2258431992-520","ObjectType":"Group"},{"ObjectIdentifier":"S-1-5-21-1221599514-3194961069-2258431992-512","ObjectType":"Group"},{"ObjectIdentifier":"S-1-5-21-1221599514-3194961069-2258431992-517","ObjectType":"Group"},{"ObjectIdentifier":"S-1-5-21-1221599514-3194961069-2258431992-519","ObjectType":"Group"},{"ObjectIdentifier":"S-1-5-21-1221599514-3194961069-2258431992-518","ObjectType":"Group"},{"ObjectIdentifier":"S-1-5-21-1221599514-3194961069-2258431992-516","ObjectType":"Group"},{"ObjectIdentifier":"S-1-5-21-1221599514-3194961069-2258431992-502","ObjectType":"User"}],"Aces":[{"PrincipalSID":"S-1-5-21-1221599514-3194961069-2258431992-512","PrincipalType":"Group","RightName":"Owns","IsInherited":false},{"PrincipalSID":"XIAORANG.LAB-S-1-5-32-548","PrincipalType":"Group","RightName":"GenericAll","IsInherited":false},{"PrincipalSID":"S-1-5-21-1221599514-3194961069-2258431992-512","PrincipalType":"Group","RightName":"GenericAll","IsInherited":false},{"PrincipalSID":"S-1-5-21-1221599514-3194961069-2258431992-519","PrincipalType":"Group","RightName":"GenericAll","IsInherited":true},{"PrincipalSID":"XIAORANG.LAB-S-1-5-32-544","PrincipalType":"Group","RightName":"WriteDacl","IsInherited":true},{"PrincipalSID":"XIAORANG.LAB-S-1-5-32-544","PrincipalType":"Group","RightName":"WriteOwner","IsInherited":true},{"PrincipalSID":"XIAORANG.LAB-S-1-5-32-544","PrincipalType":"Group","RightName":"GenericWrite","IsInherited":true}],"ObjectIdentifier":"S-1-5-21-1221599514-3194961069-2258431992-572","IsDeleted":false,"IsACLProtected":false},{"Properties":{"domain":"XIAORANG.LAB","name":"CRYPTOGRAPHIC OPERATORS@XIAORANG.LAB","distinguishedname":"CN=CRYPTOGRAPHIC OPERATORS,CN=BUILTIN,DC=XIAORANG,DC=LAB","domainsid":"S-1-5-21-1221599514-3194961069-2258431992","highvalue":false,"samaccountname":"Cryptographic Operators","description":"授权成员执行加密操作。","whencreated":1694470354,"admincount":false},"Members":[],"Aces":[{"PrincipalSID":"XIAORANG.LAB-S-1-5-32-544","PrincipalType":"Group","RightName":"Owns","IsInherited":false},{"PrincipalSID":"XIAORANG.LAB-S-1-5-32-548","PrincipalType":"Group","RightName":"GenericAll","IsInherited":false},{"PrincipalSID":"S-1-5-21-1221599514-3194961069-2258431992-512","PrincipalType":"Group","RightName":"GenericAll","IsInherited":false},{"PrincipalSID":"S-1-5-21-1221599514-3194961069-2258431992-519","PrincipalType":"Group","RightName":"GenericAll","IsInherited":true},{"PrincipalSID":"XIAORANG.LAB-S-1-5-32-544","PrincipalType":"Group","RightName":"WriteDacl","IsInherited":true},{"PrincipalSID":"XIAORANG.LAB-S-1-5-32-544","PrincipalType":"Group","RightName":"WriteOwner","IsInherited":true},{"PrincipalSID":"XIAORANG.LAB-S-1-5-32-544","PrincipalType":"Group","RightName":"GenericWrite","IsInherited":true}],"ObjectIdentifier":"XIAORANG.LAB-S-1-5-32-569","IsDeleted":false,"IsACLProtected":false},{"Properties":{"domain":"XIAORANG.LAB","name":"RDS REMOTE ACCESS SERVERS@XIAORANG.LAB","distinguishedname":"CN=RDS REMOTE ACCESS SERVERS,CN=BUILTIN,DC=XIAORANG,DC=LAB","domainsid":"S-1-5-21-1221599514-3194961069-2258431992","highvalue":false,"samaccountname":"RDS Remote Access Servers","description":"此组中的服务器使 RemoteApp 程序和个人虚拟桌面用户能够访问这些资源。在面向 Internet 的部署中，这些服务器通常部署在边缘网络中。需要将此组填充到运行 RD 连接代理的服务器上。在部署中使用的 RD 网关服务器和 RD Web 访问服务器需要位于此组中。","whencreated":1694470354,"admincount":false},"Members":[],"Aces":[{"PrincipalSID":"XIAORANG.LAB-S-1-5-32-544","PrincipalType":"Group","RightName":"Owns","IsInherited":false},{"PrincipalSID":"XIAORANG.LAB-S-1-5-32-548","PrincipalType":"Group","RightName":"GenericAll","IsInherited":false},{"PrincipalSID":"S-1-5-21-1221599514-3194961069-2258431992-512","PrincipalType":"Group","RightName":"GenericAll","IsInherited":false},{"PrincipalSID":"S-1-5-21-1221599514-3194961069-2258431992-519","PrincipalType":"Group","RightName":"GenericAll","IsInherited":true},{"PrincipalSID":"XIAORANG.LAB-S-1-5-32-544","PrincipalType":"Group","RightName":"WriteDacl","IsInherited":true},{"PrincipalSID":"XIAORANG.LAB-S-1-5-32-544","PrincipalType":"Group","RightName":"WriteOwner","IsInherited":true},{"PrincipalSID":"XIAORANG.LAB-S-1-5-32-544","PrincipalType":"Group","RightName":"GenericWrite","IsInherited":true}],"ObjectIdentifier":"XIAORANG.LAB-S-1-5-32-575","IsDeleted":false,"IsACLProtected":false},{"Properties":{"domain":"XIAORANG.LAB","name":"CERTIFICATE SERVICE DCOM ACCESS@XIAORANG.LAB","distinguishedname":"CN=CERTIFICATE SERVICE DCOM ACCESS,CN=BUILTIN,DC=XIAORANG,DC=LAB","domainsid":"S-1-5-21-1221599514-3194961069-2258431992","highvalue":false,"samaccountname":"Certificate Service DCOM Access","description":"允许该组的成员连接到企业中的证书颁发机构","whencreated":1694470354,"admincount":false},"Members":[{"ObjectIdentifier":"XIAORANG.LAB-S-1-5-11","ObjectType":"Group"}],"Aces":[{"PrincipalSID":"XIAORANG.LAB-S-1-5-32-544","PrincipalType":"Group","RightName":"Owns","IsInherited":false},{"PrincipalSID":"XIAORANG.LAB-S-1-5-32-548","PrincipalType":"Group","RightName":"GenericAll","IsInherited":false},{"PrincipalSID":"S-1-5-21-1221599514-3194961069-2258431992-512","PrincipalType":"Group","RightName":"GenericAll","IsInherited":false},{"PrincipalSID":"S-1-5-21-1221599514-3194961069-2258431992-519","PrincipalType":"Group","RightName":"GenericAll","IsInherited":true},{"PrincipalSID":"XIAORANG.LAB-S-1-5-32-544","PrincipalType":"Group","RightName":"WriteDacl","IsInherited":true},{"PrincipalSID":"XIAORANG.LAB-S-1-5-32-544","PrincipalType":"Group","RightName":"WriteOwner","IsInherited":true},{"PrincipalSID":"XIAORANG.LAB-S-1-5-32-544","PrincipalType":"Group","RightName":"GenericWrite","IsInherited":true}],"ObjectIdentifier":"XIAORANG.LAB-S-1-5-32-574","IsDeleted":false,"IsACLProtected":false},{"Properties":{"domain":"XIAORANG.LAB","name":"BACKUP OPERATORS@XIAORANG.LAB","distinguishedname":"CN=BACKUP OPERATORS,CN=BUILTIN,DC=XIAORANG,DC=LAB","domainsid":"S-1-5-21-1221599514-3194961069-2258431992","highvalue":true,"samaccountname":"Backup Operators","description":"备份操作员为了备份或还原文件可以替代安全限制","whencreated":1694470354,"admincount":true},"Members":[],"Aces":[{"PrincipalSID":"S-1-5-21-1221599514-3194961069-2258431992-512","PrincipalType":"Group","RightName":"Owns","IsInherited":false},{"PrincipalSID":"XIAORANG.LAB-S-1-5-32-544","PrincipalType":"Group","RightName":"WriteDacl","IsInherited":false},{"PrincipalSID":"XIAORANG.LAB-S-1-5-32-544","PrincipalType":"Group","RightName":"WriteOwner","IsInherited":false},{"PrincipalSID":"XIAORANG.LAB-S-1-5-32-544","PrincipalType":"Group","RightName":"GenericWrite","IsInherited":false},{"PrincipalSID":"S-1-5-21-1221599514-3194961069-2258431992-512","PrincipalType":"Group","RightName":"WriteDacl","IsInherited":false},{"PrincipalSID":"S-1-5-21-1221599514-3194961069-2258431992-512","PrincipalType":"Group","RightName":"WriteOwner","IsInherited":false},{"PrincipalSID":"S-1-5-21-1221599514-3194961069-2258431992-512","PrincipalType":"Group","RightName":"GenericWrite","IsInherited":false},{"PrincipalSID":"S-1-5-21-1221599514-3194961069-2258431992-519","PrincipalType":"Group","RightName":"WriteDacl","IsInherited":false},{"PrincipalSID":"S-1-5-21-1221599514-3194961069-2258431992-519","PrincipalType":"Group","RightName":"WriteOwner","IsInherited":false},{"PrincipalSID":"S-1-5-21-1221599514-3194961069-2258431992-519","PrincipalType":"Group","RightName":"GenericWrite","IsInherited":false}],"ObjectIdentifier":"XIAORANG.LAB-S-1-5-32-551","IsDeleted":false,"IsACLProtected":true},{"Properties":{"domain":"XIAORANG.LAB","name":"ACCOUNT OPERATORS@XIAORANG.LAB","distinguishedname":"CN=ACCOUNT OPERATORS,CN=BUILTIN,DC=XIAORANG,DC=LAB","domainsid":"S-1-5-21-1221599514-3194961069-2258431992","highvalue":true,"samaccountname":"Account Operators","description":"成员可以管理域用户和组帐户","whencreated":1694470388,"admincount":true},"Members":[],"Aces":[{"PrincipalSID":"S-1-5-21-1221599514-3194961069-2258431992-512","PrincipalType":"Group","RightName":"Owns","IsInherited":false},{"PrincipalSID":"XIAORANG.LAB-S-1-5-32-544","PrincipalType":"Group","RightName":"WriteDacl","IsInherited":false},{"PrincipalSID":"XIAORANG.LAB-S-1-5-32-544","PrincipalType":"Group","RightName":"WriteOwner","IsInherited":false},{"PrincipalSID":"XIAORANG.LAB-S-1-5-32-544","PrincipalType":"Group","RightName":"GenericWrite","IsInherited":false},{"PrincipalSID":"S-1-5-21-1221599514-3194961069-2258431992-512","PrincipalType":"Group","RightName":"WriteDacl","IsInherited":false},{"PrincipalSID":"S-1-5-21-1221599514-3194961069-2258431992-512","PrincipalType":"Group","RightName":"WriteOwner","IsInherited":false},{"PrincipalSID":"S-1-5-21-1221599514-3194961069-2258431992-512","PrincipalType":"Group","RightName":"GenericWrite","IsInherited":false},{"PrincipalSID":"S-1-5-21-1221599514-3194961069-2258431992-519","PrincipalType":"Group","RightName":"WriteDacl","IsInherited":false},{"PrincipalSID":"S-1-5-21-1221599514-3194961069-2258431992-519","PrincipalType":"Group","RightName":"WriteOwner","IsInherited":false},{"PrincipalSID":"S-1-5-21-1221599514-3194961069-2258431992-519","PrincipalType":"Group","RightName":"GenericWrite","IsInherited":false}],"ObjectIdentifier":"XIAORANG.LAB-S-1-5-32-548","IsDeleted":false,"IsACLProtected":true},{"Properties":{"domain":"XIAORANG.LAB","name":"WINDOWS AUTHORIZATION ACCESS GROUP@XIAORANG.LAB","distinguishedname":"CN=WINDOWS AUTHORIZATION ACCESS GROUP,CN=BUILTIN,DC=XIAORANG,DC=LAB","domainsid":"S-1-5-21-1221599514-3194961069-2258431992","highvalue":false,"samaccountname":"Windows Authorization Access Group","description":"此组的成员可以访问 User 对象上经过计算的 tokenGroupsGlobalAndUniversal 属性","whencreated":1694470388,"admincount":false},"Members":[{"ObjectIdentifier":"XIAORANG.LAB-S-1-5-9","ObjectType":"Group"}],"Aces":[{"PrincipalSID":"S-1-5-21-1221599514-3194961069-2258431992-512","PrincipalType":"Group","RightName":"Owns","IsInherited":false},{"PrincipalSID":"XIAORANG.LAB-S-1-5-32-548","PrincipalType":"Group","RightName":"GenericAll","IsInherited":false},{"PrincipalSID":"S-1-5-21-1221599514-3194961069-2258431992-512","PrincipalType":"Group","RightName":"GenericAll","IsInherited":false},{"PrincipalSID":"S-1-5-21-1221599514-3194961069-2258431992-519","PrincipalType":"Group","RightName":"GenericAll","IsInherited":true},{"PrincipalSID":"XIAORANG.LAB-S-1-5-32-544","PrincipalType":"Group","RightName":"WriteDacl","IsInherited":true},{"PrincipalSID":"XIAORANG.LAB-S-1-5-32-544","PrincipalType":"Group","RightName":"WriteOwner","IsInherited":true},{"PrincipalSID":"XIAORANG.LAB-S-1-5-32-544","PrincipalType":"Group","RightName":"GenericWrite","IsInherited":true}],"ObjectIdentifier":"XIAORANG.LAB-S-1-5-32-560","IsDeleted":false,"IsACLProtected":false},{"Properties":{"domain":"XIAORANG.LAB","name":"TERMINAL SERVER LICENSE SERVERS@XIAORANG.LAB","distinguishedname":"CN=TERMINAL SERVER LICENSE SERVERS,CN=BUILTIN,DC=XIAORANG,DC=LAB","domainsid":"S-1-5-21-1221599514-3194961069-2258431992","highvalue":false,"samaccountname":"Terminal Server License Servers","description":"此组的成员可以使用有关许可证颁发的信息更新 Active Directory 中的用户帐户，以进行跟踪和报告 TS 每用户 CAL 使用情况","whencreated":1694470388,"admincount":false},"Members":[],"Aces":[{"PrincipalSID":"S-1-5-21-1221599514-3194961069-2258431992-512","PrincipalType":"Group","RightName":"Owns","IsInherited":false},{"PrincipalSID":"XIAORANG.LAB-S-1-5-32-548","PrincipalType":"Group","RightName":"GenericAll","IsInherited":false},{"PrincipalSID":"S-1-5-21-1221599514-3194961069-2258431992-512","PrincipalType":"Group","RightName":"GenericAll","IsInherited":false},{"PrincipalSID":"S-1-5-21-1221599514-3194961069-2258431992-519","PrincipalType":"Group","RightName":"GenericAll","IsInherited":true},{"PrincipalSID":"XIAORANG.LAB-S-1-5-32-544","PrincipalType":"Group","RightName":"WriteDacl","IsInherited":true},{"PrincipalSID":"XIAORANG.LAB-S-1-5-32-544","PrincipalType":"Group","RightName":"WriteOwner","IsInherited":true},{"PrincipalSID":"XIAORANG.LAB-S-1-5-32-544","PrincipalType":"Group","RightName":"GenericWrite","IsInherited":true}],"ObjectIdentifier":"XIAORANG.LAB-S-1-5-32-561","IsDeleted":false,"IsACLProtected":false},{"Properties":{"domain":"XIAORANG.LAB","name":"PRE-WINDOWS 2000 COMPATIBLE ACCESS@XIAORANG.LAB","distinguishedname":"CN=PRE-WINDOWS 2000 COMPATIBLE ACCESS,CN=BUILTIN,DC=XIAORANG,DC=LAB","domainsid":"S-1-5-21-1221599514-3194961069-2258431992","highvalue":false,"samaccountname":"Pre-Windows 2000 Compatible Access","description":"允许访问在域中所有用户和组的读取访问反向兼容组。","whencreated":1694470388,"admincount":false},"Members":[{"ObjectIdentifier":"S-1-5-21-1221599514-3194961069-2258431992-1000","ObjectType":"Computer"},{"ObjectIdentifier":"XIAORANG.LAB-S-1-5-11","ObjectType":"Group"}],"Aces":[{"PrincipalSID":"S-1-5-21-1221599514-3194961069-2258431992-512","PrincipalType":"Group","RightName":"Owns","IsInherited":false},{"PrincipalSID":"XIAORANG.LAB-S-1-5-32-548","PrincipalType":"Group","RightName":"GenericAll","IsInherited":false},{"PrincipalSID":"S-1-5-21-1221599514-3194961069-2258431992-512","PrincipalType":"Group","RightName":"GenericAll","IsInherited":false},{"PrincipalSID":"S-1-5-21-1221599514-3194961069-2258431992-519","PrincipalType":"Group","RightName":"GenericAll","IsInherited":true},{"PrincipalSID":"XIAORANG.LAB-S-1-5-32-544","PrincipalType":"Group","RightName":"WriteDacl","IsInherited":true},{"PrincipalSID":"XIAORANG.LAB-S-1-5-32-544","PrincipalType":"Group","RightName":"WriteOwner","IsInherited":true},{"PrincipalSID":"XIAORANG.LAB-S-1-5-32-544","PrincipalType":"Group","RightName":"GenericWrite","IsInherited":true}],"ObjectIdentifier":"XIAORANG.LAB-S-1-5-32-554","IsDeleted":false,"IsACLProtected":false},{"Properties":{"domain":"XIAORANG.LAB","name":"IIS_IUSRS@XIAORANG.LAB","distinguishedname":"CN=IIS_IUSRS,CN=BUILTIN,DC=XIAORANG,DC=LAB","domainsid":"S-1-5-21-1221599514-3194961069-2258431992","highvalue":false,"samaccountname":"IIS_IUSRS","description":"Internet 信息服务使用的内置组。","whencreated":1694470354,"admincount":false},"Members":[{"ObjectIdentifier":"XIAORANG.LAB-S-1-5-17","ObjectType":"Group"}],"Aces":[{"PrincipalSID":"XIAORANG.LAB-S-1-5-32-544","PrincipalType":"Group","RightName":"Owns","IsInherited":false},{"PrincipalSID":"XIAORANG.LAB-S-1-5-32-548","PrincipalType":"Group","RightName":"GenericAll","IsInherited":false},{"PrincipalSID":"S-1-5-21-1221599514-3194961069-2258431992-512","PrincipalType":"Group","RightName":"GenericAll","IsInherited":false},{"PrincipalSID":"S-1-5-21-1221599514-3194961069-2258431992-519","PrincipalType":"Group","RightName":"GenericAll","IsInherited":true},{"PrincipalSID":"XIAORANG.LAB-S-1-5-32-544","PrincipalType":"Group","RightName":"WriteDacl","IsInherited":true},{"PrincipalSID":"XIAORANG.LAB-S-1-5-32-544","PrincipalType":"Group","RightName":"WriteOwner","IsInherited":true},{"PrincipalSID":"XIAORANG.LAB-S-1-5-32-544","PrincipalType":"Group","RightName":"GenericWrite","IsInherited":true}],"ObjectIdentifier":"XIAORANG.LAB-S-1-5-32-568","IsDeleted":false,"IsACLProtected":false},{"Properties":{"domain":"XIAORANG.LAB","name":"PERFORMANCE MONITOR USERS@XIAORANG.LAB","distinguishedname":"CN=PERFORMANCE MONITOR USERS,CN=BUILTIN,DC=XIAORANG,DC=LAB","domainsid":"S-1-5-21-1221599514-3194961069-2258431992","highvalue":false,"samaccountname":"Performance Monitor Users","description":"此组的成员可以从本地和远程访问性能计数器数据","whencreated":1694470354,"admincount":false},"Members":[],"Aces":[{"PrincipalSID":"XIAORANG.LAB-S-1-5-32-544","PrincipalType":"Group","RightName":"Owns","IsInherited":false},{"PrincipalSID":"XIAORANG.LAB-S-1-5-32-548","PrincipalType":"Group","RightName":"GenericAll","IsInherited":false},{"PrincipalSID":"S-1-5-21-1221599514-3194961069-2258431992-512","PrincipalType":"Group","RightName":"GenericAll","IsInherited":false},{"PrincipalSID":"S-1-5-21-1221599514-3194961069-2258431992-519","PrincipalType":"Group","RightName":"GenericAll","IsInherited":true},{"PrincipalSID":"XIAORANG.LAB-S-1-5-32-544","PrincipalType":"Group","RightName":"WriteDacl","IsInherited":true},{"PrincipalSID":"XIAORANG.LAB-S-1-5-32-544","PrincipalType":"Group","RightName":"WriteOwner","IsInherited":true},{"PrincipalSID":"XIAORANG.LAB-S-1-5-32-544","PrincipalType":"Group","RightName":"GenericWrite","IsInherited":true}],"ObjectIdentifier":"XIAORANG.LAB-S-1-5-32-558","IsDeleted":false,"IsACLProtected":false},{"Properties":{"domain":"XIAORANG.LAB","name":"SERVER OPERATORS@XIAORANG.LAB","distinguishedname":"CN=SERVER OPERATORS,CN=BUILTIN,DC=XIAORANG,DC=LAB","domainsid":"S-1-5-21-1221599514-3194961069-2258431992","highvalue":true,"samaccountname":"Server Operators","description":"成员可以管理域服务器","whencreated":1694470388,"admincount":true},"Members":[],"Aces":[{"PrincipalSID":"S-1-5-21-1221599514-3194961069-2258431992-512","PrincipalType":"Group","RightName":"Owns","IsInherited":false},{"PrincipalSID":"XIAORANG.LAB-S-1-5-32-544","PrincipalType":"Group","RightName":"WriteDacl","IsInherited":false},{"PrincipalSID":"XIAORANG.LAB-S-1-5-32-544","PrincipalType":"Group","RightName":"WriteOwner","IsInherited":false},{"PrincipalSID":"XIAORANG.LAB-S-1-5-32-544","PrincipalType":"Group","RightName":"GenericWrite","IsInherited":false},{"PrincipalSID":"S-1-5-21-1221599514-3194961069-2258431992-512","PrincipalType":"Group","RightName":"WriteDacl","IsInherited":false},{"PrincipalSID":"S-1-5-21-1221599514-3194961069-2258431992-512","PrincipalType":"Group","RightName":"WriteOwner","IsInherited":false},{"PrincipalSID":"S-1-5-21-1221599514-3194961069-2258431992-512","PrincipalType":"Group","RightName":"GenericWrite","IsInherited":false},{"PrincipalSID":"S-1-5-21-1221599514-3194961069-2258431992-519","PrincipalType":"Group","RightName":"WriteDacl","IsInherited":false},{"PrincipalSID":"S-1-5-21-1221599514-3194961069-2258431992-519","PrincipalType":"Group","RightName":"WriteOwner","IsInherited":false},{"PrincipalSID":"S-1-5-21-1221599514-3194961069-2258431992-519","PrincipalType":"Group","RightName":"GenericWrite","IsInherited":false}],"ObjectIdentifier":"XIAORANG.LAB-S-1-5-32-549","IsDeleted":false,"IsACLProtected":true},{"Properties":{"domain":"XIAORANG.LAB","name":"PERFORMANCE LOG USERS@XIAORANG.LAB","distinguishedname":"CN=PERFORMANCE LOG USERS,CN=BUILTIN,DC=XIAORANG,DC=LAB","domainsid":"S-1-5-21-1221599514-3194961069-2258431992","highvalue":false,"samaccountname":"Performance Log Users","description":"该组中的成员可以计划进行性能计数器日志记录、启用跟踪记录提供程序，以及在本地或通过远程访问此计算机来收集事件跟踪记录","whencreated":1694470354,"admincount":false},"Members":[],"Aces":[{"PrincipalSID":"XIAORANG.LAB-S-1-5-32-544","PrincipalType":"Group","RightName":"Owns","IsInherited":false},{"PrincipalSID":"XIAORANG.LAB-S-1-5-32-548","PrincipalType":"Group","RightName":"GenericAll","IsInherited":false},{"PrincipalSID":"S-1-5-21-1221599514-3194961069-2258431992-512","PrincipalType":"Group","RightName":"GenericAll","IsInherited":false},{"PrincipalSID":"S-1-5-21-1221599514-3194961069-2258431992-519","PrincipalType":"Group","RightName":"GenericAll","IsInherited":true},{"PrincipalSID":"XIAORANG.LAB-S-1-5-32-544","PrincipalType":"Group","RightName":"WriteDacl","IsInherited":true},{"PrincipalSID":"XIAORANG.LAB-S-1-5-32-544","PrincipalType":"Group","RightName":"WriteOwner","IsInherited":true},{"PrincipalSID":"XIAORANG.LAB-S-1-5-32-544","PrincipalType":"Group","RightName":"GenericWrite","IsInherited":true}],"ObjectIdentifier":"XIAORANG.LAB-S-1-5-32-559","IsDeleted":false,"IsACLProtected":false},{"Properties":{"domain":"XIAORANG.LAB","name":"REMOTE MANAGEMENT USERS@XIAORANG.LAB","distinguishedname":"CN=REMOTE MANAGEMENT USERS,CN=BUILTIN,DC=XIAORANG,DC=LAB","domainsid":"S-1-5-21-1221599514-3194961069-2258431992","highvalue":false,"samaccountname":"Remote Management Users","description":"此组的成员可以通过管理协议(例如，通过 Windows 远程管理服务实现的 WS-Management)访问 WMI 资源。这仅适用于授予用户访问权限的 WMI 命名空间。","whencreated":1694470354,"admincount":false},"Members":[],"Aces":[{"PrincipalSID":"XIAORANG.LAB-S-1-5-32-544","PrincipalType":"Group","RightName":"Owns","IsInherited":false},{"PrincipalSID":"XIAORANG.LAB-S-1-5-32-548","PrincipalType":"Group","RightName":"GenericAll","IsInherited":false},{"PrincipalSID":"S-1-5-21-1221599514-3194961069-2258431992-512","PrincipalType":"Group","RightName":"GenericAll","IsInherited":false},{"PrincipalSID":"S-1-5-21-1221599514-3194961069-2258431992-519","PrincipalType":"Group","RightName":"GenericAll","IsInherited":true},{"PrincipalSID":"XIAORANG.LAB-S-1-5-32-544","PrincipalType":"Group","RightName":"WriteDacl","IsInherited":true},{"PrincipalSID":"XIAORANG.LAB-S-1-5-32-544","PrincipalType":"Group","RightName":"WriteOwner","IsInherited":true},{"PrincipalSID":"XIAORANG.LAB-S-1-5-32-544","PrincipalType":"Group","RightName":"GenericWrite","IsInherited":true}],"ObjectIdentifier":"XIAORANG.LAB-S-1-5-32-580","IsDeleted":false,"IsACLProtected":false},{"Properties":{"domain":"XIAORANG.LAB","name":"DISTRIBUTED COM USERS@XIAORANG.LAB","distinguishedname":"CN=DISTRIBUTED COM USERS,CN=BUILTIN,DC=XIAORANG,DC=LAB","domainsid":"S-1-5-21-1221599514-3194961069-2258431992","highvalue":false,"samaccountname":"Distributed COM Users","description":"成员允许启动、激活和使用此计算机上的分布式 COM 对象。","whencreated":1694470354,"admincount":false},"Members":[],"Aces":[{"PrincipalSID":"XIAORANG.LAB-S-1-5-32-544","PrincipalType":"Group","RightName":"Owns","IsInherited":false},{"PrincipalSID":"XIAORANG.LAB-S-1-5-32-548","PrincipalType":"Group","RightName":"GenericAll","IsInherited":false},{"PrincipalSID":"S-1-5-21-1221599514-3194961069-2258431992-512","PrincipalType":"Group","RightName":"GenericAll","IsInherited":false},{"PrincipalSID":"S-1-5-21-1221599514-3194961069-2258431992-519","PrincipalType":"Group","RightName":"GenericAll","IsInherited":true},{"PrincipalSID":"XIAORANG.LAB-S-1-5-32-544","PrincipalType":"Group","RightName":"WriteDacl","IsInherited":true},{"PrincipalSID":"XIAORANG.LAB-S-1-5-32-544","PrincipalType":"Group","RightName":"WriteOwner","IsInherited":true},{"PrincipalSID":"XIAORANG.LAB-S-1-5-32-544","PrincipalType":"Group","RightName":"GenericWrite","IsInherited":true}],"ObjectIdentifier":"XIAORANG.LAB-S-1-5-32-562","IsDeleted":false,"IsACLProtected":false},{"Properties":{"domain":"XIAORANG.LAB","name":"SCHEMA ADMINS@XIAORANG.LAB","distinguishedname":"CN=SCHEMA ADMINS,CN=USERS,DC=XIAORANG,DC=LAB","domainsid":"S-1-5-21-1221599514-3194961069-2258431992","highvalue":false,"samaccountname":"Schema Admins","description":"架构的指定系统管理员","whencreated":1694470388,"admincount":true},"Members":[{"ObjectIdentifier":"S-1-5-21-1221599514-3194961069-2258431992-500","ObjectType":"User"}],"Aces":[{"PrincipalSID":"S-1-5-21-1221599514-3194961069-2258431992-512","PrincipalType":"Group","RightName":"Owns","IsInherited":false},{"PrincipalSID":"XIAORANG.LAB-S-1-5-32-544","PrincipalType":"Group","RightName":"WriteDacl","IsInherited":false},{"PrincipalSID":"XIAORANG.LAB-S-1-5-32-544","PrincipalType":"Group","RightName":"WriteOwner","IsInherited":false},{"PrincipalSID":"XIAORANG.LAB-S-1-5-32-544","PrincipalType":"Group","RightName":"GenericWrite","IsInherited":false},{"PrincipalSID":"S-1-5-21-1221599514-3194961069-2258431992-512","PrincipalType":"Group","RightName":"WriteDacl","IsInherited":false},{"PrincipalSID":"S-1-5-21-1221599514-3194961069-2258431992-512","PrincipalType":"Group","RightName":"WriteOwner","IsInherited":false},{"PrincipalSID":"S-1-5-21-1221599514-3194961069-2258431992-512","PrincipalType":"Group","RightName":"GenericWrite","IsInherited":false},{"PrincipalSID":"S-1-5-21-1221599514-3194961069-2258431992-519","PrincipalType":"Group","RightName":"WriteDacl","IsInherited":false},{"PrincipalSID":"S-1-5-21-1221599514-3194961069-2258431992-519","PrincipalType":"Group","RightName":"WriteOwner","IsInherited":false},{"PrincipalSID":"S-1-5-21-1221599514-3194961069-2258431992-519","PrincipalType":"Group","RightName":"GenericWrite","IsInherited":false}],"ObjectIdentifier":"S-1-5-21-1221599514-3194961069-2258431992-518","IsDeleted":false,"IsACLProtected":true},{"Properties":{"domain":"XIAORANG.LAB","name":"ENTERPRISE ADMINS@XIAORANG.LAB","distinguishedname":"CN=ENTERPRISE ADMINS,CN=USERS,DC=XIAORANG,DC=LAB","domainsid":"S-1-5-21-1221599514-3194961069-2258431992","highvalue":true,"samaccountname":"Enterprise Admins","description":"企业的指定系统管理员","whencreated":1694470388,"admincount":true},"Members":[{"ObjectIdentifier":"S-1-5-21-1221599514-3194961069-2258431992-500","ObjectType":"User"}],"Aces":[{"PrincipalSID":"S-1-5-21-1221599514-3194961069-2258431992-512","PrincipalType":"Group","RightName":"Owns","IsInherited":false},{"PrincipalSID":"XIAORANG.LAB-S-1-5-32-544","PrincipalType":"Group","RightName":"WriteDacl","IsInherited":false},{"PrincipalSID":"XIAORANG.LAB-S-1-5-32-544","PrincipalType":"Group","RightName":"WriteOwner","IsInherited":false},{"PrincipalSID":"XIAORANG.LAB-S-1-5-32-544","PrincipalType":"Group","RightName":"GenericWrite","IsInherited":false},{"PrincipalSID":"S-1-5-21-1221599514-3194961069-2258431992-512","PrincipalType":"Group","RightName":"WriteDacl","IsInherited":false},{"PrincipalSID":"S-1-5-21-1221599514-3194961069-2258431992-512","PrincipalType":"Group","RightName":"WriteOwner","IsInherited":false},{"PrincipalSID":"S-1-5-21-1221599514-3194961069-2258431992-512","PrincipalType":"Group","RightName":"GenericWrite","IsInherited":false},{"PrincipalSID":"S-1-5-21-1221599514-3194961069-2258431992-519","PrincipalType":"Group","RightName":"WriteDacl","IsInherited":false},{"PrincipalSID":"S-1-5-21-1221599514-3194961069-2258431992-519","PrincipalType":"Group","RightName":"WriteOwner","IsInherited":false},{"PrincipalSID":"S-1-5-21-1221599514-3194961069-2258431992-519","PrincipalType":"Group","RightName":"GenericWrite","IsInherited":false}],"ObjectIdentifier":"S-1-5-21-1221599514-3194961069-2258431992-519","IsDeleted":false,"IsACLProtected":true},{"Properties":{"domain":"XIAORANG.LAB","name":"DOMAIN ADMINS@XIAORANG.LAB","distinguishedname":"CN=DOMAIN ADMINS,CN=USERS,DC=XIAORANG,DC=LAB","domainsid":"S-1-5-21-1221599514-3194961069-2258431992","highvalue":true,"samaccountname":"Domain Admins","description":"指定的域管理员","whencreated":1694470388,"admincount":true},"Members":[{"ObjectIdentifier":"S-1-5-21-1221599514-3194961069-2258431992-500","ObjectType":"User"}],"Aces":[{"PrincipalSID":"S-1-5-21-1221599514-3194961069-2258431992-512","PrincipalType":"Group","RightName":"Owns","IsInherited":false},{"PrincipalSID":"XIAORANG.LAB-S-1-5-32-544","PrincipalType":"Group","RightName":"WriteDacl","IsInherited":false},{"PrincipalSID":"XIAORANG.LAB-S-1-5-32-544","PrincipalType":"Group","RightName":"WriteOwner","IsInherited":false},{"PrincipalSID":"XIAORANG.LAB-S-1-5-32-544","PrincipalType":"Group","RightName":"GenericWrite","IsInherited":false},{"PrincipalSID":"S-1-5-21-1221599514-3194961069-2258431992-512","PrincipalType":"Group","RightName":"WriteDacl","IsInherited":false},{"PrincipalSID":"S-1-5-21-1221599514-3194961069-2258431992-512","PrincipalType":"Group","RightName":"WriteOwner","IsInherited":false},{"PrincipalSID":"S-1-5-21-1221599514-3194961069-2258431992-512","PrincipalType":"Group","RightName":"GenericWrite","IsInherited":false},{"PrincipalSID":"S-1-5-21-1221599514-3194961069-2258431992-519","PrincipalType":"Group","RightName":"WriteDacl","IsInherited":false},{"PrincipalSID":"S-1-5-21-1221599514-3194961069-2258431992-519","PrincipalType":"Group","RightName":"WriteOwner","IsInherited":false},{"PrincipalSID":"S-1-5-21-1221599514-3194961069-2258431992-519","PrincipalType":"Group","RightName":"GenericWrite","IsInherited":false}],"ObjectIdentifier":"S-1-5-21-1221599514-3194961069-2258431992-512","IsDeleted":false,"IsACLProtected":true},{"Properties":{"domain":"XIAORANG.LAB","name":"HYPER-V ADMINISTRATORS@XIAORANG.LAB","distinguishedname":"CN=HYPER-V ADMINISTRATORS,CN=BUILTIN,DC=XIAORANG,DC=LAB","domainsid":"S-1-5-21-1221599514-3194961069-2258431992","highvalue":false,"samaccountname":"Hyper-V Administrators","description":"此组的成员拥有对 Hyper-V 所有功能的完全且不受限制的访问权限。","whencreated":1694470354,"admincount":false},"Members":[],"Aces":[{"PrincipalSID":"XIAORANG.LAB-S-1-5-32-544","PrincipalType":"Group","RightName":"Owns","IsInherited":false},{"PrincipalSID":"XIAORANG.LAB-S-1-5-32-548","PrincipalType":"Group","RightName":"GenericAll","IsInherited":false},{"PrincipalSID":"S-1-5-21-1221599514-3194961069-2258431992-512","PrincipalType":"Group","RightName":"GenericAll","IsInherited":false},{"PrincipalSID":"S-1-5-21-1221599514-3194961069-2258431992-519","PrincipalType":"Group","RightName":"GenericAll","IsInherited":true},{"PrincipalSID":"XIAORANG.LAB-S-1-5-32-544","PrincipalType":"Group","RightName":"WriteDacl","IsInherited":true},{"PrincipalSID":"XIAORANG.LAB-S-1-5-32-544","PrincipalType":"Group","RightName":"WriteOwner","IsInherited":true},{"PrincipalSID":"XIAORANG.LAB-S-1-5-32-544","PrincipalType":"Group","RightName":"GenericWrite","IsInherited":true}],"ObjectIdentifier":"XIAORANG.LAB-S-1-5-32-578","IsDeleted":false,"IsACLProtected":false},{"Properties":{"domain":"XIAORANG.LAB","name":"GROUP POLICY CREATOR OWNERS@XIAORANG.LAB","distinguishedname":"CN=GROUP POLICY CREATOR OWNERS,CN=USERS,DC=XIAORANG,DC=LAB","domainsid":"S-1-5-21-1221599514-3194961069-2258431992","highvalue":false,"samaccountname":"Group Policy Creator Owners","description":"这个组中的成员可以修改域的组策略","whencreated":1694470388,"admincount":false},"Members":[{"ObjectIdentifier":"S-1-5-21-1221599514-3194961069-2258431992-500","ObjectType":"User"}],"Aces":[{"PrincipalSID":"S-1-5-21-1221599514-3194961069-2258431992-512","PrincipalType":"Group","RightName":"Owns","IsInherited":false},{"PrincipalSID":"XIAORANG.LAB-S-1-5-32-548","PrincipalType":"Group","RightName":"GenericAll","IsInherited":false},{"PrincipalSID":"S-1-5-21-1221599514-3194961069-2258431992-512","PrincipalType":"Group","RightName":"GenericAll","IsInherited":false},{"PrincipalSID":"S-1-5-21-1221599514-3194961069-2258431992-519","PrincipalType":"Group","RightName":"GenericAll","IsInherited":true},{"PrincipalSID":"XIAORANG.LAB-S-1-5-32-544","PrincipalType":"Group","RightName":"WriteDacl","IsInherited":true},{"PrincipalSID":"XIAORANG.LAB-S-1-5-32-544","PrincipalType":"Group","RightName":"WriteOwner","IsInherited":true},{"PrincipalSID":"XIAORANG.LAB-S-1-5-32-544","PrincipalType":"Group","RightName":"GenericWrite","IsInherited":true}],"ObjectIdentifier":"S-1-5-21-1221599514-3194961069-2258431992-520","IsDeleted":false,"IsACLProtected":false},{"Properties":{"domain":"XIAORANG.LAB","name":"INCOMING FOREST TRUST BUILDERS@XIAORANG.LAB","distinguishedname":"CN=INCOMING FOREST TRUST BUILDERS,CN=BUILTIN,DC=XIAORANG,DC=LAB","domainsid":"S-1-5-21-1221599514-3194961069-2258431992","highvalue":false,"samaccountname":"Incoming Forest Trust Builders","description":"此组的成员可以创建到此林的传入、单向信任","whencreated":1694470388,"admincount":false},"Members":[],"Aces":[{"PrincipalSID":"S-1-5-21-1221599514-3194961069-2258431992-512","PrincipalType":"Group","RightName":"Owns","IsInherited":false},{"PrincipalSID":"XIAORANG.LAB-S-1-5-32-548","PrincipalType":"Group","RightName":"GenericAll","IsInherited":false},{"PrincipalSID":"S-1-5-21-1221599514-3194961069-2258431992-512","PrincipalType":"Group","RightName":"GenericAll","IsInherited":false},{"PrincipalSID":"S-1-5-21-1221599514-3194961069-2258431992-519","PrincipalType":"Group","RightName":"GenericAll","IsInherited":true},{"PrincipalSID":"XIAORANG.LAB-S-1-5-32-544","PrincipalType":"Group","RightName":"WriteDacl","IsInherited":true},{"PrincipalSID":"XIAORANG.LAB-S-1-5-32-544","PrincipalType":"Group","RightName":"WriteOwner","IsInherited":true},{"PrincipalSID":"XIAORANG.LAB-S-1-5-32-544","PrincipalType":"Group","RightName":"GenericWrite","IsInherited":true}],"ObjectIdentifier":"XIAORANG.LAB-S-1-5-32-557","IsDeleted":false,"IsACLProtected":false},{"Properties":{"domain":"XIAORANG.LAB","name":"REMOTE DESKTOP USERS@XIAORANG.LAB","distinguishedname":"CN=REMOTE DESKTOP USERS,CN=BUILTIN,DC=XIAORANG,DC=LAB","domainsid":"S-1-5-21-1221599514-3194961069-2258431992","highvalue":false,"samaccountname":"Remote Desktop Users","description":"此组中的成员被授予远程登录的权限","whencreated":1694470354,"admincount":false},"Members":[],"Aces":[{"PrincipalSID":"XIAORANG.LAB-S-1-5-32-544","PrincipalType":"Group","RightName":"Owns","IsInherited":false},{"PrincipalSID":"XIAORANG.LAB-S-1-5-32-548","PrincipalType":"Group","RightName":"GenericAll","IsInherited":false},{"PrincipalSID":"S-1-5-21-1221599514-3194961069-2258431992-512","PrincipalType":"Group","RightName":"GenericAll","IsInherited":false},{"PrincipalSID":"S-1-5-21-1221599514-3194961069-2258431992-519","PrincipalType":"Group","RightName":"GenericAll","IsInherited":true},{"PrincipalSID":"XIAORANG.LAB-S-1-5-32-544","PrincipalType":"Group","RightName":"WriteDacl","IsInherited":true},{"PrincipalSID":"XIAORANG.LAB-S-1-5-32-544","PrincipalType":"Group","RightName":"WriteOwner","IsInherited":true},{"PrincipalSID":"XIAORANG.LAB-S-1-5-32-544","PrincipalType":"Group","RightName":"GenericWrite","IsInherited":true}],"ObjectIdentifier":"XIAORANG.LAB-S-1-5-32-555","IsDeleted":false,"IsACLProtected":false},{"Properties":{"domain":"XIAORANG.LAB","name":"RDS ENDPOINT SERVERS@XIAORANG.LAB","distinguishedname":"CN=RDS ENDPOINT SERVERS,CN=BUILTIN,DC=XIAORANG,DC=LAB","domainsid":"S-1-5-21-1221599514-3194961069-2258431992","highvalue":false,"samaccountname":"RDS Endpoint Servers","description":"此组中的服务器运行虚拟机和主机会话，用户 RemoteApp 程序和个人虚拟桌面将在这些虚拟机和会话中运行。需要将此组填充到运行 RD 连接代理的服务器上。在部署中使用的 RD 会话主机服务器和 RD 虚拟化主机服务器需要位于此组中。","whencreated":1694470354,"admincount":false},"Members":[],"Aces":[{"PrincipalSID":"XIAORANG.LAB-S-1-5-32-544","PrincipalType":"Group","RightName":"Owns","IsInherited":false},{"PrincipalSID":"XIAORANG.LAB-S-1-5-32-548","PrincipalType":"Group","RightName":"GenericAll","IsInherited":false},{"PrincipalSID":"S-1-5-21-1221599514-3194961069-2258431992-512","PrincipalType":"Group","RightName":"GenericAll","IsInherited":false},{"PrincipalSID":"S-1-5-21-1221599514-3194961069-2258431992-519","PrincipalType":"Group","RightName":"GenericAll","IsInherited":true},{"PrincipalSID":"XIAORANG.LAB-S-1-5-32-544","PrincipalType":"Group","RightName":"WriteDacl","IsInherited":true},{"PrincipalSID":"XIAORANG.LAB-S-1-5-32-544","PrincipalType":"Group","RightName":"WriteOwner","IsInherited":true},{"PrincipalSID":"XIAORANG.LAB-S-1-5-32-544","PrincipalType":"Group","RightName":"GenericWrite","IsInherited":true}],"ObjectIdentifier":"XIAORANG.LAB-S-1-5-32-576","IsDeleted":false,"IsACLProtected":false},{"Properties":{"domain":"XIAORANG.LAB","name":"DNSADMINS@XIAORANG.LAB","distinguishedname":"CN=DNSADMINS,CN=USERS,DC=XIAORANG,DC=LAB","domainsid":"S-1-5-21-1221599514-3194961069-2258431992","highvalue":false,"samaccountname":"DnsAdmins","description":"DNS Administrators 组","whencreated":1694470427,"admincount":false},"Members":[],"Aces":[{"PrincipalSID":"XIAORANG.LAB-S-1-5-32-548","PrincipalType":"Group","RightName":"GenericAll","IsInherited":false},{"PrincipalSID":"S-1-5-21-1221599514-3194961069-2258431992-512","PrincipalType":"Group","RightName":"GenericAll","IsInherited":false},{"PrincipalSID":"S-1-5-21-1221599514-3194961069-2258431992-519","PrincipalType":"Group","RightName":"GenericAll","IsInherited":true},{"PrincipalSID":"XIAORANG.LAB-S-1-5-32-544","PrincipalType":"Group","RightName":"WriteDacl","IsInherited":true},{"PrincipalSID":"XIAORANG.LAB-S-1-5-32-544","PrincipalType":"Group","RightName":"WriteOwner","IsInherited":true},{"PrincipalSID":"XIAORANG.LAB-S-1-5-32-544","PrincipalType":"Group","RightName":"GenericWrite","IsInherited":true}],"ObjectIdentifier":"S-1-5-21-1221599514-3194961069-2258431992-1101","IsDeleted":false,"IsACLProtected":false},{"Properties":{"domain":"XIAORANG.LAB","name":"SHUTDOWN_GROUP@XIAORANG.LAB","distinguishedname":"CN=SHUTDOWN_GROUP,CN=USERS,DC=XIAORANG,DC=LAB","domainsid":"S-1-5-21-1221599514-3194961069-2258431992","highvalue":false,"samaccountname":"Shutdown_group","description":"This group  is capable of shutdown","whencreated":1694526822,"admincount":false},"Members":[{"ObjectIdentifier":"S-1-5-21-1221599514-3194961069-2258431992-1112","ObjectType":"User"}],"Aces":[{"PrincipalSID":"S-1-5-21-1221599514-3194961069-2258431992-512","PrincipalType":"Group","RightName":"Owns","IsInherited":false},{"PrincipalSID":"XIAORANG.LAB-S-1-5-32-548","PrincipalType":"Group","RightName":"GenericAll","IsInherited":false},{"PrincipalSID":"S-1-5-21-1221599514-3194961069-2258431992-512","PrincipalType":"Group","RightName":"GenericAll","IsInherited":false},{"PrincipalSID":"S-1-5-21-1221599514-3194961069-2258431992-519","PrincipalType":"Group","RightName":"GenericAll","IsInherited":true},{"PrincipalSID":"XIAORANG.LAB-S-1-5-32-544","PrincipalType":"Group","RightName":"WriteDacl","IsInherited":true},{"PrincipalSID":"XIAORANG.LAB-S-1-5-32-544","PrincipalType":"Group","RightName":"WriteOwner","IsInherited":true},{"PrincipalSID":"XIAORANG.LAB-S-1-5-32-544","PrincipalType":"Group","RightName":"GenericWrite","IsInherited":true}],"ObjectIdentifier":"S-1-5-21-1221599514-3194961069-2258431992-1118","IsDeleted":false,"IsACLProtected":false},{"Properties":{"domain":"XIAORANG.LAB","name":"RAS AND IAS SERVERS@XIAORANG.LAB","distinguishedname":"CN=RAS AND IAS SERVERS,CN=USERS,DC=XIAORANG,DC=LAB","domainsid":"S-1-5-21-1221599514-3194961069-2258431992","highvalue":false,"samaccountname":"RAS and IAS Servers","description":"这个组中的服务器可以访问用户的远程访问属性","whencreated":1694470388,"admincount":false},"Members":[],"Aces":[{"PrincipalSID":"S-1-5-21-1221599514-3194961069-2258431992-512","PrincipalType":"Group","RightName":"Owns","IsInherited":false},{"PrincipalSID":"XIAORANG.LAB-S-1-5-32-548","PrincipalType":"Group","RightName":"GenericAll","IsInherited":false},{"PrincipalSID":"S-1-5-21-1221599514-3194961069-2258431992-512","PrincipalType":"Group","RightName":"GenericAll","IsInherited":false},{"PrincipalSID":"S-1-5-21-1221599514-3194961069-2258431992-519","PrincipalType":"Group","RightName":"GenericAll","IsInherited":true},{"PrincipalSID":"XIAORANG.LAB-S-1-5-32-544","PrincipalType":"Group","RightName":"WriteDacl","IsInherited":true},{"PrincipalSID":"XIAORANG.LAB-S-1-5-32-544","PrincipalType":"Group","RightName":"WriteOwner","IsInherited":true},{"PrincipalSID":"XIAORANG.LAB-S-1-5-32-544","PrincipalType":"Group","RightName":"GenericWrite","IsInherited":true}],"ObjectIdentifier":"S-1-5-21-1221599514-3194961069-2258431992-553","IsDeleted":false,"IsACLProtected":false},{"Properties":{"domain":"XIAORANG.LAB","name":"PRINT OPERATORS@XIAORANG.LAB","distinguishedname":"CN=PRINT OPERATORS,CN=BUILTIN,DC=XIAORANG,DC=LAB","domainsid":"S-1-5-21-1221599514-3194961069-2258431992","highvalue":true,"samaccountname":"Print Operators","description":"成员可以管理在域控制器上安装的打印机","whencreated":1694470354,"admincount":true},"Members":[],"Aces":[{"PrincipalSID":"S-1-5-21-1221599514-3194961069-2258431992-512","PrincipalType":"Group","RightName":"Owns","IsInherited":false},{"PrincipalSID":"XIAORANG.LAB-S-1-5-32-544","PrincipalType":"Group","RightName":"WriteDacl","IsInherited":false},{"PrincipalSID":"XIAORANG.LAB-S-1-5-32-544","PrincipalType":"Group","RightName":"WriteOwner","IsInherited":false},{"PrincipalSID":"XIAORANG.LAB-S-1-5-32-544","PrincipalType":"Group","RightName":"GenericWrite","IsInherited":false},{"PrincipalSID":"S-1-5-21-1221599514-3194961069-2258431992-512","PrincipalType":"Group","RightName":"WriteDacl","IsInherited":false},{"PrincipalSID":"S-1-5-21-1221599514-3194961069-2258431992-512","PrincipalType":"Group","RightName":"WriteOwner","IsInherited":false},{"PrincipalSID":"S-1-5-21-1221599514-3194961069-2258431992-512","PrincipalType":"Group","RightName":"GenericWrite","IsInherited":false},{"PrincipalSID":"S-1-5-21-1221599514-3194961069-2258431992-519","PrincipalType":"Group","RightName":"WriteDacl","IsInherited":false},{"PrincipalSID":"S-1-5-21-1221599514-3194961069-2258431992-519","PrincipalType":"Group","RightName":"WriteOwner","IsInherited":false},{"PrincipalSID":"S-1-5-21-1221599514-3194961069-2258431992-519","PrincipalType":"Group","RightName":"GenericWrite","IsInherited":false}],"ObjectIdentifier":"XIAORANG.LAB-S-1-5-32-550","IsDeleted":false,"IsACLProtected":true},{"Properties":{"domain":"XIAORANG.LAB","name":"STORAGE REPLICA ADMINISTRATORS@XIAORANG.LAB","distinguishedname":"CN=STORAGE REPLICA ADMINISTRATORS,CN=BUILTIN,DC=XIAORANG,DC=LAB","domainsid":"S-1-5-21-1221599514-3194961069-2258431992","highvalue":false,"samaccountname":"Storage Replica Administrators","description":"此组的成员具有存储副本所有功能的不受限的完全访问权限。","whencreated":1694470354,"admincount":false},"Members":[],"Aces":[{"PrincipalSID":"XIAORANG.LAB-S-1-5-32-544","PrincipalType":"Group","RightName":"Owns","IsInherited":false},{"PrincipalSID":"XIAORANG.LAB-S-1-5-32-548","PrincipalType":"Group","RightName":"GenericAll","IsInherited":false},{"PrincipalSID":"S-1-5-21-1221599514-3194961069-2258431992-512","PrincipalType":"Group","RightName":"GenericAll","IsInherited":false},{"PrincipalSID":"S-1-5-21-1221599514-3194961069-2258431992-519","PrincipalType":"Group","RightName":"GenericAll","IsInherited":true},{"PrincipalSID":"XIAORANG.LAB-S-1-5-32-544","PrincipalType":"Group","RightName":"WriteDacl","IsInherited":true},{"PrincipalSID":"XIAORANG.LAB-S-1-5-32-544","PrincipalType":"Group","RightName":"WriteOwner","IsInherited":true},{"PrincipalSID":"XIAORANG.LAB-S-1-5-32-544","PrincipalType":"Group","RightName":"GenericWrite","IsInherited":true}],"ObjectIdentifier":"XIAORANG.LAB-S-1-5-32-582","IsDeleted":false,"IsACLProtected":false},{"Properties":{"domain":"XIAORANG.LAB","name":"NETWORK CONFIGURATION OPERATORS@XIAORANG.LAB","distinguishedname":"CN=NETWORK CONFIGURATION OPERATORS,CN=BUILTIN,DC=XIAORANG,DC=LAB","domainsid":"S-1-5-21-1221599514-3194961069-2258431992","highvalue":false,"samaccountname":"Network Configuration Operators","description":"此组中的成员有部分管理权限来管理网络功能的配置","whencreated":1694470354,"admincount":false},"Members":[],"Aces":[{"PrincipalSID":"XIAORANG.LAB-S-1-5-32-544","PrincipalType":"Group","RightName":"Owns","IsInherited":false},{"PrincipalSID":"XIAORANG.LAB-S-1-5-32-548","PrincipalType":"Group","RightName":"GenericAll","IsInherited":false},{"PrincipalSID":"S-1-5-21-1221599514-3194961069-2258431992-512","PrincipalType":"Group","RightName":"GenericAll","IsInherited":false},{"PrincipalSID":"S-1-5-21-1221599514-3194961069-2258431992-519","PrincipalType":"Group","RightName":"GenericAll","IsInherited":true},{"PrincipalSID":"XIAORANG.LAB-S-1-5-32-544","PrincipalType":"Group","RightName":"WriteDacl","IsInherited":true},{"PrincipalSID":"XIAORANG.LAB-S-1-5-32-544","PrincipalType":"Group","RightName":"WriteOwner","IsInherited":true},{"PrincipalSID":"XIAORANG.LAB-S-1-5-32-544","PrincipalType":"Group","RightName":"GenericWrite","IsInherited":true}],"ObjectIdentifier":"XIAORANG.LAB-S-1-5-32-556","IsDeleted":false,"IsACLProtected":false},{"Properties":{"domain":"XIAORANG.LAB","name":"REPLICATORS@XIAORANG.LAB","distinguishedname":"CN=REPLICATOR,CN=BUILTIN,DC=XIAORANG,DC=LAB","domainsid":"S-1-5-21-1221599514-3194961069-2258431992","highvalue":false,"samaccountname":"Replicator","description":"支持域中的文件复制","whencreated":1694470354,"admincount":true},"Members":[],"Aces":[{"PrincipalSID":"S-1-5-21-1221599514-3194961069-2258431992-512","PrincipalType":"Group","RightName":"Owns","IsInherited":false},{"PrincipalSID":"XIAORANG.LAB-S-1-5-32-544","PrincipalType":"Group","RightName":"WriteDacl","IsInherited":false},{"PrincipalSID":"XIAORANG.LAB-S-1-5-32-544","PrincipalType":"Group","RightName":"WriteOwner","IsInherited":false},{"PrincipalSID":"XIAORANG.LAB-S-1-5-32-544","PrincipalType":"Group","RightName":"GenericWrite","IsInherited":false},{"PrincipalSID":"S-1-5-21-1221599514-3194961069-2258431992-512","PrincipalType":"Group","RightName":"WriteDacl","IsInherited":false},{"PrincipalSID":"S-1-5-21-1221599514-3194961069-2258431992-512","PrincipalType":"Group","RightName":"WriteOwner","IsInherited":false},{"PrincipalSID":"S-1-5-21-1221599514-3194961069-2258431992-512","PrincipalType":"Group","RightName":"GenericWrite","IsInherited":false},{"PrincipalSID":"S-1-5-21-1221599514-3194961069-2258431992-519","PrincipalType":"Group","RightName":"WriteDacl","IsInherited":false},{"PrincipalSID":"S-1-5-21-1221599514-3194961069-2258431992-519","PrincipalType":"Group","RightName":"WriteOwner","IsInherited":false},{"PrincipalSID":"S-1-5-21-1221599514-3194961069-2258431992-519","PrincipalType":"Group","RightName":"GenericWrite","IsInherited":false}],"ObjectIdentifier":"XIAORANG.LAB-S-1-5-32-552","IsDeleted":false,"IsACLProtected":true},{"Properties":{"domain":"XIAORANG.LAB","name":"RDS MANAGEMENT SERVERS@XIAORANG.LAB","distinguishedname":"CN=RDS MANAGEMENT SERVERS,CN=BUILTIN,DC=XIAORANG,DC=LAB","domainsid":"S-1-5-21-1221599514-3194961069-2258431992","highvalue":false,"samaccountname":"RDS Management Servers","description":"此组中的服务器可以在运行远程桌面服务的服务器上执行例程管理操作。需要将此组填充到远程桌面服务部署中的所有服务器上。必须将运行 RDS 中心管理服务的服务器包括到此组中。","whencreated":1694470354,"admincount":false},"Members":[],"Aces":[{"PrincipalSID":"XIAORANG.LAB-S-1-5-32-544","PrincipalType":"Group","RightName":"Owns","IsInherited":false},{"PrincipalSID":"XIAORANG.LAB-S-1-5-32-548","PrincipalType":"Group","RightName":"GenericAll","IsInherited":false},{"PrincipalSID":"S-1-5-21-1221599514-3194961069-2258431992-512","PrincipalType":"Group","RightName":"GenericAll","IsInherited":false},{"PrincipalSID":"S-1-5-21-1221599514-3194961069-2258431992-519","PrincipalType":"Group","RightName":"GenericAll","IsInherited":true},{"PrincipalSID":"XIAORANG.LAB-S-1-5-32-544","PrincipalType":"Group","RightName":"WriteDacl","IsInherited":true},{"PrincipalSID":"XIAORANG.LAB-S-1-5-32-544","PrincipalType":"Group","RightName":"WriteOwner","IsInherited":true},{"PrincipalSID":"XIAORANG.LAB-S-1-5-32-544","PrincipalType":"Group","RightName":"GenericWrite","IsInherited":true}],"ObjectIdentifier":"XIAORANG.LAB-S-1-5-32-577","IsDeleted":false,"IsACLProtected":false},{"Properties":{"domain":"XIAORANG.LAB","name":"ACCESS CONTROL ASSISTANCE OPERATORS@XIAORANG.LAB","distinguishedname":"CN=ACCESS CONTROL ASSISTANCE OPERATORS,CN=BUILTIN,DC=XIAORANG,DC=LAB","domainsid":"S-1-5-21-1221599514-3194961069-2258431992","highvalue":false,"samaccountname":"Access Control Assistance Operators","description":"此组的成员可以远程查询此计算机上资源的授权属性和权限。","whencreated":1694470354,"admincount":false},"Members":[],"Aces":[{"PrincipalSID":"XIAORANG.LAB-S-1-5-32-544","PrincipalType":"Group","RightName":"Owns","IsInherited":false},{"PrincipalSID":"XIAORANG.LAB-S-1-5-32-548","PrincipalType":"Group","RightName":"GenericAll","IsInherited":false},{"PrincipalSID":"S-1-5-21-1221599514-3194961069-2258431992-512","PrincipalType":"Group","RightName":"GenericAll","IsInherited":false},{"PrincipalSID":"S-1-5-21-1221599514-3194961069-2258431992-519","PrincipalType":"Group","RightName":"GenericAll","IsInherited":true},{"PrincipalSID":"XIAORANG.LAB-S-1-5-32-544","PrincipalType":"Group","RightName":"WriteDacl","IsInherited":true},{"PrincipalSID":"XIAORANG.LAB-S-1-5-32-544","PrincipalType":"Group","RightName":"WriteOwner","IsInherited":true},{"PrincipalSID":"XIAORANG.LAB-S-1-5-32-544","PrincipalType":"Group","RightName":"GenericWrite","IsInherited":true}],"ObjectIdentifier":"XIAORANG.LAB-S-1-5-32-579","IsDeleted":false,"IsACLProtected":false},{"Properties":{"domain":"XIAORANG.LAB","name":"EVENT LOG READERS@XIAORANG.LAB","distinguishedname":"CN=EVENT LOG READERS,CN=BUILTIN,DC=XIAORANG,DC=LAB","domainsid":"S-1-5-21-1221599514-3194961069-2258431992","highvalue":false,"samaccountname":"Event Log Readers","description":"此组的成员可以从本地计算机中读取事件日志","whencreated":1694470354,"admincount":false},"Members":[],"Aces":[{"PrincipalSID":"XIAORANG.LAB-S-1-5-32-544","PrincipalType":"Group","RightName":"Owns","IsInherited":false},{"PrincipalSID":"XIAORANG.LAB-S-1-5-32-548","PrincipalType":"Group","RightName":"GenericAll","IsInherited":false},{"PrincipalSID":"S-1-5-21-1221599514-3194961069-2258431992-512","PrincipalType":"Group","RightName":"GenericAll","IsInherited":false},{"PrincipalSID":"S-1-5-21-1221599514-3194961069-2258431992-519","PrincipalType":"Group","RightName":"GenericAll","IsInherited":true},{"PrincipalSID":"XIAORANG.LAB-S-1-5-32-544","PrincipalType":"Group","RightName":"WriteDacl","IsInherited":true},{"PrincipalSID":"XIAORANG.LAB-S-1-5-32-544","PrincipalType":"Group","RightName":"WriteOwner","IsInherited":true},{"PrincipalSID":"XIAORANG.LAB-S-1-5-32-544","PrincipalType":"Group","RightName":"GenericWrite","IsInherited":true}],"ObjectIdentifier":"XIAORANG.LAB-S-1-5-32-573","IsDeleted":false,"IsACLProtected":false},{"Properties":{"domain":"XIAORANG.LAB","name":"ALLOWED RODC PASSWORD REPLICATION GROUP@XIAORANG.LAB","distinguishedname":"CN=ALLOWED RODC PASSWORD REPLICATION GROUP,CN=USERS,DC=XIAORANG,DC=LAB","domainsid":"S-1-5-21-1221599514-3194961069-2258431992","highvalue":false,"samaccountname":"Allowed RODC Password Replication Group","description":"允许将此组中成员的密码复制到域中的所有只读域控制器","whencreated":1694470388,"admincount":false},"Members":[],"Aces":[{"PrincipalSID":"S-1-5-21-1221599514-3194961069-2258431992-512","PrincipalType":"Group","RightName":"Owns","IsInherited":false},{"PrincipalSID":"XIAORANG.LAB-S-1-5-32-548","PrincipalType":"Group","RightName":"GenericAll","IsInherited":false},{"PrincipalSID":"S-1-5-21-1221599514-3194961069-2258431992-512","PrincipalType":"Group","RightName":"GenericAll","IsInherited":false},{"PrincipalSID":"S-1-5-21-1221599514-3194961069-2258431992-519","PrincipalType":"Group","RightName":"GenericAll","IsInherited":true},{"PrincipalSID":"XIAORANG.LAB-S-1-5-32-544","PrincipalType":"Group","RightName":"WriteDacl","IsInherited":true},{"PrincipalSID":"XIAORANG.LAB-S-1-5-32-544","PrincipalType":"Group","RightName":"WriteOwner","IsInherited":true},{"PrincipalSID":"XIAORANG.LAB-S-1-5-32-544","PrincipalType":"Group","RightName":"GenericWrite","IsInherited":true}],"ObjectIdentifier":"S-1-5-21-1221599514-3194961069-2258431992-571","IsDeleted":false,"IsACLProtected":false},{"Properties":{"domain":"XIAORANG.LAB","name":"DNSUPDATEPROXY@XIAORANG.LAB","distinguishedname":"CN=DNSUPDATEPROXY,CN=USERS,DC=XIAORANG,DC=LAB","domainsid":"S-1-5-21-1221599514-3194961069-2258431992","highvalue":false,"samaccountname":"DnsUpdateProxy","description":"允许替其他客户端(如 DHCP 服务器)执行动态更新的 DNS 客户端。","whencreated":1694470427,"admincount":false},"Members":[],"Aces":[{"PrincipalSID":"XIAORANG.LAB-S-1-5-32-548","PrincipalType":"Group","RightName":"GenericAll","IsInherited":false},{"PrincipalSID":"S-1-5-21-1221599514-3194961069-2258431992-512","PrincipalType":"Group","RightName":"GenericAll","IsInherited":false},{"PrincipalSID":"S-1-5-21-1221599514-3194961069-2258431992-519","PrincipalType":"Group","RightName":"GenericAll","IsInherited":true},{"PrincipalSID":"XIAORANG.LAB-S-1-5-32-544","PrincipalType":"Group","RightName":"WriteDacl","IsInherited":true},{"PrincipalSID":"XIAORANG.LAB-S-1-5-32-544","PrincipalType":"Group","RightName":"WriteOwner","IsInherited":true},{"PrincipalSID":"XIAORANG.LAB-S-1-5-32-544","PrincipalType":"Group","RightName":"GenericWrite","IsInherited":true}],"ObjectIdentifier":"S-1-5-21-1221599514-3194961069-2258431992-1102","IsDeleted":false,"IsACLProtected":false},{"Properties":{"domain":"XIAORANG.LAB","name":"ENTERPRISE KEY ADMINS@XIAORANG.LAB","distinguishedname":"CN=ENTERPRISE KEY ADMINS,CN=USERS,DC=XIAORANG,DC=LAB","domainsid":"S-1-5-21-1221599514-3194961069-2258431992","highvalue":false,"samaccountname":"Enterprise Key Admins","description":"此组的成员可以对林中的密钥对象执行管理操作。","whencreated":1694470388,"admincount":false},"Members":[],"Aces":[{"PrincipalSID":"S-1-5-21-1221599514-3194961069-2258431992-512","PrincipalType":"Group","RightName":"Owns","IsInherited":false},{"PrincipalSID":"XIAORANG.LAB-S-1-5-32-548","PrincipalType":"Group","RightName":"GenericAll","IsInherited":false},{"PrincipalSID":"S-1-5-21-1221599514-3194961069-2258431992-512","PrincipalType":"Group","RightName":"GenericAll","IsInherited":false},{"PrincipalSID":"S-1-5-21-1221599514-3194961069-2258431992-519","PrincipalType":"Group","RightName":"GenericAll","IsInherited":true},{"PrincipalSID":"XIAORANG.LAB-S-1-5-32-544","PrincipalType":"Group","RightName":"WriteDacl","IsInherited":true},{"PrincipalSID":"XIAORANG.LAB-S-1-5-32-544","PrincipalType":"Group","RightName":"WriteOwner","IsInherited":true},{"PrincipalSID":"XIAORANG.LAB-S-1-5-32-544","PrincipalType":"Group","RightName":"GenericWrite","IsInherited":true}],"ObjectIdentifier":"S-1-5-21-1221599514-3194961069-2258431992-527","IsDeleted":false,"IsACLProtected":false},{"Properties":{"domain":"XIAORANG.LAB","name":"KEY ADMINS@XIAORANG.LAB","distinguishedname":"CN=KEY ADMINS,CN=USERS,DC=XIAORANG,DC=LAB","domainsid":"S-1-5-21-1221599514-3194961069-2258431992","highvalue":false,"samaccountname":"Key Admins","description":"此组的成员可以对域中的密钥对象执行管理操作。","whencreated":1694470388,"admincount":true},"Members":[],"Aces":[{"PrincipalSID":"S-1-5-21-1221599514-3194961069-2258431992-512","PrincipalType":"Group","RightName":"Owns","IsInherited":false},{"PrincipalSID":"XIAORANG.LAB-S-1-5-32-544","PrincipalType":"Group","RightName":"WriteDacl","IsInherited":false},{"PrincipalSID":"XIAORANG.LAB-S-1-5-32-544","PrincipalType":"Group","RightName":"WriteOwner","IsInherited":false},{"PrincipalSID":"XIAORANG.LAB-S-1-5-32-544","PrincipalType":"Group","RightName":"GenericWrite","IsInherited":false},{"PrincipalSID":"S-1-5-21-1221599514-3194961069-2258431992-512","PrincipalType":"Group","RightName":"WriteDacl","IsInherited":false},{"PrincipalSID":"S-1-5-21-1221599514-3194961069-2258431992-512","PrincipalType":"Group","RightName":"WriteOwner","IsInherited":false},{"PrincipalSID":"S-1-5-21-1221599514-3194961069-2258431992-512","PrincipalType":"Group","RightName":"GenericWrite","IsInherited":false},{"PrincipalSID":"S-1-5-21-1221599514-3194961069-2258431992-519","PrincipalType":"Group","RightName":"WriteDacl","IsInherited":false},{"PrincipalSID":"S-1-5-21-1221599514-3194961069-2258431992-519","PrincipalType":"Group","RightName":"WriteOwner","IsInherited":false},{"PrincipalSID":"S-1-5-21-1221599514-3194961069-2258431992-519","PrincipalType":"Group","RightName":"GenericWrite","IsInherited":false}],"ObjectIdentifier":"S-1-5-21-1221599514-3194961069-2258431992-526","IsDeleted":false,"IsACLProtected":true},{"Properties":{"domain":"XIAORANG.LAB","name":"PROTECTED USERS@XIAORANG.LAB","distinguishedname":"CN=PROTECTED USERS,CN=USERS,DC=XIAORANG,DC=LAB","domainsid":"S-1-5-21-1221599514-3194961069-2258431992","highvalue":false,"samaccountname":"Protected Users","description":"此组的成员将受到针对身份验证安全威胁的额外保护。有关详细信息，请参阅 http://go.microsoft.com/fwlink/?LinkId=298939。","whencreated":1694470388,"admincount":false},"Members":[],"Aces":[{"PrincipalSID":"S-1-5-21-1221599514-3194961069-2258431992-512","PrincipalType":"Group","RightName":"Owns","IsInherited":false},{"PrincipalSID":"XIAORANG.LAB-S-1-5-32-548","PrincipalType":"Group","RightName":"GenericAll","IsInherited":false},{"PrincipalSID":"S-1-5-21-1221599514-3194961069-2258431992-512","PrincipalType":"Group","RightName":"GenericAll","IsInherited":false},{"PrincipalSID":"S-1-5-21-1221599514-3194961069-2258431992-519","PrincipalType":"Group","RightName":"GenericAll","IsInherited":true},{"PrincipalSID":"XIAORANG.LAB-S-1-5-32-544","PrincipalType":"Group","RightName":"WriteDacl","IsInherited":true},{"PrincipalSID":"XIAORANG.LAB-S-1-5-32-544","PrincipalType":"Group","RightName":"WriteOwner","IsInherited":true},{"PrincipalSID":"XIAORANG.LAB-S-1-5-32-544","PrincipalType":"Group","RightName":"GenericWrite","IsInherited":true}],"ObjectIdentifier":"S-1-5-21-1221599514-3194961069-2258431992-525","IsDeleted":false,"IsACLProtected":false},{"Properties":{"domain":"XIAORANG.LAB","name":"CLONEABLE DOMAIN CONTROLLERS@XIAORANG.LAB","distinguishedname":"CN=CLONEABLE DOMAIN CONTROLLERS,CN=USERS,DC=XIAORANG,DC=LAB","domainsid":"S-1-5-21-1221599514-3194961069-2258431992","highvalue":false,"samaccountname":"Cloneable Domain Controllers","description":"可以克隆此组中作为域控制器的成员。","whencreated":1694470388,"admincount":false},"Members":[],"Aces":[{"PrincipalSID":"S-1-5-21-1221599514-3194961069-2258431992-512","PrincipalType":"Group","RightName":"Owns","IsInherited":false},{"PrincipalSID":"XIAORANG.LAB-S-1-5-32-548","PrincipalType":"Group","RightName":"GenericAll","IsInherited":false},{"PrincipalSID":"S-1-5-21-1221599514-3194961069-2258431992-512","PrincipalType":"Group","RightName":"GenericAll","IsInherited":false},{"PrincipalSID":"S-1-5-21-1221599514-3194961069-2258431992-519","PrincipalType":"Group","RightName":"GenericAll","IsInherited":true},{"PrincipalSID":"XIAORANG.LAB-S-1-5-32-544","PrincipalType":"Group","RightName":"WriteDacl","IsInherited":true},{"PrincipalSID":"XIAORANG.LAB-S-1-5-32-544","PrincipalType":"Group","RightName":"WriteOwner","IsInherited":true},{"PrincipalSID":"XIAORANG.LAB-S-1-5-32-544","PrincipalType":"Group","RightName":"GenericWrite","IsInherited":true}],"ObjectIdentifier":"S-1-5-21-1221599514-3194961069-2258431992-522","IsDeleted":false,"IsACLProtected":false},{"Properties":{"domain":"XIAORANG.LAB","name":"ENTERPRISE READ-ONLY DOMAIN CONTROLLERS@XIAORANG.LAB","distinguishedname":"CN=ENTERPRISE READ-ONLY DOMAIN CONTROLLERS,CN=USERS,DC=XIAORANG,DC=LAB","domainsid":"S-1-5-21-1221599514-3194961069-2258431992","highvalue":false,"samaccountname":"Enterprise Read-only Domain Controllers","description":"该组的成员是企业中的只读域控制器","whencreated":1694470388,"admincount":false},"Members":[],"Aces":[{"PrincipalSID":"S-1-5-21-1221599514-3194961069-2258431992-512","PrincipalType":"Group","RightName":"Owns","IsInherited":false},{"PrincipalSID":"XIAORANG.LAB-S-1-5-32-548","PrincipalType":"Group","RightName":"GenericAll","IsInherited":false},{"PrincipalSID":"S-1-5-21-1221599514-3194961069-2258431992-512","PrincipalType":"Group","RightName":"GenericAll","IsInherited":false},{"PrincipalSID":"S-1-5-21-1221599514-3194961069-2258431992-519","PrincipalType":"Group","RightName":"GenericAll","IsInherited":true},{"PrincipalSID":"XIAORANG.LAB-S-1-5-32-544","PrincipalType":"Group","RightName":"WriteDacl","IsInherited":true},{"PrincipalSID":"XIAORANG.LAB-S-1-5-32-544","PrincipalType":"Group","RightName":"WriteOwner","IsInherited":true},{"PrincipalSID":"XIAORANG.LAB-S-1-5-32-544","PrincipalType":"Group","RightName":"GenericWrite","IsInherited":true}],"ObjectIdentifier":"S-1-5-21-1221599514-3194961069-2258431992-498","IsDeleted":false,"IsACLProtected":false},{"Properties":{"domain":"XIAORANG.LAB","name":"READ-ONLY DOMAIN CONTROLLERS@XIAORANG.LAB","distinguishedname":"CN=READ-ONLY DOMAIN CONTROLLERS,CN=USERS,DC=XIAORANG,DC=LAB","domainsid":"S-1-5-21-1221599514-3194961069-2258431992","highvalue":false,"samaccountname":"Read-only Domain Controllers","description":"此组中的成员是域中只读域控制器","whencreated":1694470388,"admincount":true},"Members":[],"Aces":[{"PrincipalSID":"S-1-5-21-1221599514-3194961069-2258431992-512","PrincipalType":"Group","RightName":"Owns","IsInherited":false},{"PrincipalSID":"XIAORANG.LAB-S-1-5-32-544","PrincipalType":"Group","RightName":"WriteDacl","IsInherited":false},{"PrincipalSID":"XIAORANG.LAB-S-1-5-32-544","PrincipalType":"Group","RightName":"WriteOwner","IsInherited":false},{"PrincipalSID":"XIAORANG.LAB-S-1-5-32-544","PrincipalType":"Group","RightName":"GenericWrite","IsInherited":false},{"PrincipalSID":"S-1-5-21-1221599514-3194961069-2258431992-512","PrincipalType":"Group","RightName":"WriteDacl","IsInherited":false},{"PrincipalSID":"S-1-5-21-1221599514-3194961069-2258431992-512","PrincipalType":"Group","RightName":"WriteOwner","IsInherited":false},{"PrincipalSID":"S-1-5-21-1221599514-3194961069-2258431992-512","PrincipalType":"Group","RightName":"GenericWrite","IsInherited":false},{"PrincipalSID":"S-1-5-21-1221599514-3194961069-2258431992-519","PrincipalType":"Group","RightName":"WriteDacl","IsInherited":false},{"PrincipalSID":"S-1-5-21-1221599514-3194961069-2258431992-519","PrincipalType":"Group","RightName":"WriteOwner","IsInherited":false},{"PrincipalSID":"S-1-5-21-1221599514-3194961069-2258431992-519","PrincipalType":"Group","RightName":"GenericWrite","IsInherited":false}],"ObjectIdentifier":"S-1-5-21-1221599514-3194961069-2258431992-521","IsDeleted":false,"IsACLProtected":true},{"Properties":{"domain":"XIAORANG.LAB","name":"DOMAIN GUESTS@XIAORANG.LAB","distinguishedname":"CN=DOMAIN GUESTS,CN=USERS,DC=XIAORANG,DC=LAB","domainsid":"S-1-5-21-1221599514-3194961069-2258431992","highvalue":false,"samaccountname":"Domain Guests","description":"域的所有来宾","whencreated":1694470388,"admincount":false},"Members":[],"Aces":[{"PrincipalSID":"S-1-5-21-1221599514-3194961069-2258431992-512","PrincipalType":"Group","RightName":"Owns","IsInherited":false},{"PrincipalSID":"XIAORANG.LAB-S-1-5-32-548","PrincipalType":"Group","RightName":"GenericAll","IsInherited":false},{"PrincipalSID":"S-1-5-21-1221599514-3194961069-2258431992-512","PrincipalType":"Group","RightName":"GenericAll","IsInherited":false},{"PrincipalSID":"S-1-5-21-1221599514-3194961069-2258431992-519","PrincipalType":"Group","RightName":"GenericAll","IsInherited":true},{"PrincipalSID":"XIAORANG.LAB-S-1-5-32-544","PrincipalType":"Group","RightName":"WriteDacl","IsInherited":true},{"PrincipalSID":"XIAORANG.LAB-S-1-5-32-544","PrincipalType":"Group","RightName":"WriteOwner","IsInherited":true},{"PrincipalSID":"XIAORANG.LAB-S-1-5-32-544","PrincipalType":"Group","RightName":"GenericWrite","IsInherited":true}],"ObjectIdentifier":"S-1-5-21-1221599514-3194961069-2258431992-514","IsDeleted":false,"IsACLProtected":false},{"Properties":{"domain":"XIAORANG.LAB","name":"DOMAIN USERS@XIAORANG.LAB","distinguishedname":"CN=DOMAIN USERS,CN=USERS,DC=XIAORANG,DC=LAB","domainsid":"S-1-5-21-1221599514-3194961069-2258431992","highvalue":false,"samaccountname":"Domain Users","description":"所有域用户","whencreated":1694470388,"admincount":false},"Members":[],"Aces":[{"PrincipalSID":"S-1-5-21-1221599514-3194961069-2258431992-512","PrincipalType":"Group","RightName":"Owns","IsInherited":false},{"PrincipalSID":"XIAORANG.LAB-S-1-5-32-548","PrincipalType":"Group","RightName":"GenericAll","IsInherited":false},{"PrincipalSID":"S-1-5-21-1221599514-3194961069-2258431992-512","PrincipalType":"Group","RightName":"GenericAll","IsInherited":false},{"PrincipalSID":"S-1-5-21-1221599514-3194961069-2258431992-519","PrincipalType":"Group","RightName":"GenericAll","IsInherited":true},{"PrincipalSID":"XIAORANG.LAB-S-1-5-32-544","PrincipalType":"Group","RightName":"WriteDacl","IsInherited":true},{"PrincipalSID":"XIAORANG.LAB-S-1-5-32-544","PrincipalType":"Group","RightName":"WriteOwner","IsInherited":true},{"PrincipalSID":"XIAORANG.LAB-S-1-5-32-544","PrincipalType":"Group","RightName":"GenericWrite","IsInherited":true}],"ObjectIdentifier":"S-1-5-21-1221599514-3194961069-2258431992-513","IsDeleted":false,"IsACLProtected":false},{"Properties":{"domain":"XIAORANG.LAB","name":"DOMAIN CONTROLLERS@XIAORANG.LAB","distinguishedname":"CN=DOMAIN CONTROLLERS,CN=USERS,DC=XIAORANG,DC=LAB","domainsid":"S-1-5-21-1221599514-3194961069-2258431992","highvalue":true,"samaccountname":"Domain Controllers","description":"域中所有域控制器","whencreated":1694470388,"admincount":true},"Members":[],"Aces":[{"PrincipalSID":"S-1-5-21-1221599514-3194961069-2258431992-512","PrincipalType":"Group","RightName":"Owns","IsInherited":false},{"PrincipalSID":"XIAORANG.LAB-S-1-5-32-544","PrincipalType":"Group","RightName":"WriteDacl","IsInherited":false},{"PrincipalSID":"XIAORANG.LAB-S-1-5-32-544","PrincipalType":"Group","RightName":"WriteOwner","IsInherited":false},{"PrincipalSID":"XIAORANG.LAB-S-1-5-32-544","PrincipalType":"Group","RightName":"GenericWrite","IsInherited":false},{"PrincipalSID":"S-1-5-21-1221599514-3194961069-2258431992-512","PrincipalType":"Group","RightName":"WriteDacl","IsInherited":false},{"PrincipalSID":"S-1-5-21-1221599514-3194961069-2258431992-512","PrincipalType":"Group","RightName":"WriteOwner","IsInherited":false},{"PrincipalSID":"S-1-5-21-1221599514-3194961069-2258431992-512","PrincipalType":"Group","RightName":"GenericWrite","IsInherited":false},{"PrincipalSID":"S-1-5-21-1221599514-3194961069-2258431992-519","PrincipalType":"Group","RightName":"WriteDacl","IsInherited":false},{"PrincipalSID":"S-1-5-21-1221599514-3194961069-2258431992-519","PrincipalType":"Group","RightName":"WriteOwner","IsInherited":false},{"PrincipalSID":"S-1-5-21-1221599514-3194961069-2258431992-519","PrincipalType":"Group","RightName":"GenericWrite","IsInherited":false}],"ObjectIdentifier":"S-1-5-21-1221599514-3194961069-2258431992-516","IsDeleted":false,"IsACLProtected":true},{"Properties":{"domain":"XIAORANG.LAB","name":"DOMAIN COMPUTERS@XIAORANG.LAB","distinguishedname":"CN=DOMAIN COMPUTERS,CN=USERS,DC=XIAORANG,DC=LAB","domainsid":"S-1-5-21-1221599514-3194961069-2258431992","highvalue":false,"samaccountname":"Domain Computers","description":"加入到域中的所有工作站和服务器","whencreated":1694470388,"admincount":false},"Members":[],"Aces":[{"PrincipalSID":"S-1-5-21-1221599514-3194961069-2258431992-512","PrincipalType":"Group","RightName":"Owns","IsInherited":false},{"PrincipalSID":"XIAORANG.LAB-S-1-5-32-548","PrincipalType":"Group","RightName":"GenericAll","IsInherited":false},{"PrincipalSID":"S-1-5-21-1221599514-3194961069-2258431992-512","PrincipalType":"Group","RightName":"GenericAll","IsInherited":false},{"PrincipalSID":"S-1-5-21-1221599514-3194961069-2258431992-519","PrincipalType":"Group","RightName":"GenericAll","IsInherited":true},{"PrincipalSID":"XIAORANG.LAB-S-1-5-32-544","PrincipalType":"Group","RightName":"WriteDacl","IsInherited":true},{"PrincipalSID":"XIAORANG.LAB-S-1-5-32-544","PrincipalType":"Group","RightName":"WriteOwner","IsInherited":true},{"PrincipalSID":"XIAORANG.LAB-S-1-5-32-544","PrincipalType":"Group","RightName":"GenericWrite","IsInherited":true}],"ObjectIdentifier":"S-1-5-21-1221599514-3194961069-2258431992-515","IsDeleted":false,"IsACLProtected":false},{"Properties":{"domain":"XIAORANG.LAB","name":"USERS@XIAORANG.LAB","distinguishedname":"CN=USERS,CN=BUILTIN,DC=XIAORANG,DC=LAB","domainsid":"S-1-5-21-1221599514-3194961069-2258431992","highvalue":false,"samaccountname":"Users","description":"防止用户进行有意或无意的系统范围的更改，但是可以运行大部分应用程序","whencreated":1694470354,"admincount":false},"Members":[{"ObjectIdentifier":"S-1-5-21-1221599514-3194961069-2258431992-513","ObjectType":"Group"},{"ObjectIdentifier":"XIAORANG.LAB-S-1-5-11","ObjectType":"Group"},{"ObjectIdentifier":"XIAORANG.LAB-S-1-5-4","ObjectType":"Group"}],"Aces":[{"PrincipalSID":"XIAORANG.LAB-S-1-5-32-544","PrincipalType":"Group","RightName":"Owns","IsInherited":false},{"PrincipalSID":"XIAORANG.LAB-S-1-5-32-548","PrincipalType":"Group","RightName":"GenericAll","IsInherited":false},{"PrincipalSID":"S-1-5-21-1221599514-3194961069-2258431992-512","PrincipalType":"Group","RightName":"GenericAll","IsInherited":false},{"PrincipalSID":"S-1-5-21-1221599514-3194961069-2258431992-519","PrincipalType":"Group","RightName":"GenericAll","IsInherited":true},{"PrincipalSID":"XIAORANG.LAB-S-1-5-32-544","PrincipalType":"Group","RightName":"WriteDacl","IsInherited":true},{"PrincipalSID":"XIAORANG.LAB-S-1-5-32-544","PrincipalType":"Group","RightName":"WriteOwner","IsInherited":true},{"PrincipalSID":"XIAORANG.LAB-S-1-5-32-544","PrincipalType":"Group","RightName":"GenericWrite","IsInherited":true}],"ObjectIdentifier":"XIAORANG.LAB-S-1-5-32-545","IsDeleted":false,"IsACLProtected":false},{"Properties":{"name":"PRINT OPERATORS@XIAORANG.LAB","domainsid":"S-1-5-21-1221599514-3194961069-2258431992","domain":"XIAORANG.LAB"},"Members":[],"Aces":[],"ObjectIdentifier":"XIAORANG.LAB-S-1-5-32-550","IsDeleted":false,"IsACLProtected":false},{"Properties":{"name":"ACCOUNT OPERATORS@XIAORANG.LAB","domainsid":"S-1-5-21-1221599514-3194961069-2258431992","domain":"XIAORANG.LAB"},"Members":[],"Aces":[],"ObjectIdentifier":"XIAORANG.LAB-S-1-5-32-548","IsDeleted":false,"IsACLProtected":false},{"Properties":{"name":"ENTERPRISE DOMAIN CONTROLLERS@XIAORANG.LAB","domainsid":"S-1-5-21-1221599514-3194961069-2258431992","domain":"XIAORANG.LAB"},"Members":[],"Aces":[],"ObjectIdentifier":"XIAORANG.LAB-S-1-5-9","IsDeleted":false,"IsACLProtected":false},{"Properties":{"name":"EVERYONE@XIAORANG.LAB","domainsid":"S-1-5-21-1221599514-3194961069-2258431992","domain":"XIAORANG.LAB"},"Members":[],"Aces":[],"ObjectIdentifier":"XIAORANG.LAB-S-1-1-0","IsDeleted":false,"IsACLProtected":false},{"Properties":{"name":"PRE-WINDOWS 2000 COMPATIBLE ACCESS@XIAORANG.LAB","domainsid":"S-1-5-21-1221599514-3194961069-2258431992","domain":"XIAORANG.LAB"},"Members":[],"Aces":[],"ObjectIdentifier":"XIAORANG.LAB-S-1-5-32-554","IsDeleted":false,"IsACLProtected":false},{"Properties":{"name":"INCOMING FOREST TRUST BUILDERS@XIAORANG.LAB","domainsid":"S-1-5-21-1221599514-3194961069-2258431992","domain":"XIAORANG.LAB"},"Members":[],"Aces":[],"ObjectIdentifier":"XIAORANG.LAB-S-1-5-32-557","IsDeleted":false,"IsACLProtected":false},{"Properties":{"name":"INTERACTIVE@XIAORANG.LAB","domainsid":"S-1-5-21-1221599514-3194961069-2258431992","domain":"XIAORANG.LAB"},"Members":[],"Aces":[],"ObjectIdentifier":"XIAORANG.LAB-S-1-5-4","IsDeleted":false,"IsACLProtected":false},{"Properties":{"name":"ADMINISTRATORS@XIAORANG.LAB","domainsid":"S-1-5-21-1221599514-3194961069-2258431992","domain":"XIAORANG.LAB"},"Members":[],"Aces":[],"ObjectIdentifier":"XIAORANG.LAB-S-1-5-32-544","IsDeleted":false,"IsACLProtected":false},{"Properties":{"name":"ANONYMOUS@XIAORANG.LAB","domainsid":"S-1-5-21-1221599514-3194961069-2258431992","domain":"XIAORANG.LAB"},"Members":[],"Aces":[],"ObjectIdentifier":"XIAORANG.LAB-S-1-5-7","IsDeleted":false,"IsACLProtected":false},{"Properties":{"name":"WINDOWS AUTHORIZATION ACCESS GROUP@XIAORANG.LAB","domainsid":"S-1-5-21-1221599514-3194961069-2258431992","domain":"XIAORANG.LAB"},"Members":[],"Aces":[],"ObjectIdentifier":"XIAORANG.LAB-S-1-5-32-560","IsDeleted":false,"IsACLProtected":false},{"Properties":{"name":"THIS ORGANIZATION @XIAORANG.LAB","domainsid":"S-1-5-21-1221599514-3194961069-2258431992","domain":"XIAORANG.LAB"},"Members":[],"Aces":[],"ObjectIdentifier":"XIAORANG.LAB-S-1-5-17","IsDeleted":false,"IsACLProtected":false},{"Properties":{"name":"TERMINAL SERVER LICENSE SERVERS@XIAORANG.LAB","domainsid":"S-1-5-21-1221599514-3194961069-2258431992","domain":"XIAORANG.LAB"},"Members":[],"Aces":[],"ObjectIdentifier":"XIAORANG.LAB-S-1-5-32-561","IsDeleted":false,"IsACLProtected":false},{"Properties":{"name":"AUTHENTICATED USERS@XIAORANG.LAB","domainsid":"S-1-5-21-1221599514-3194961069-2258431992","domain":"XIAORANG.LAB"},"Members":[],"Aces":[],"ObjectIdentifier":"XIAORANG.LAB-S-1-5-11","IsDeleted":false,"IsACLProtected":false},{"Properties":{"name":"ENTERPRISE DOMAIN CONTROLLERS@XIAORANG.LAB","domainsid":"S-1-5-21-1221599514-3194961069-2258431992","domain":"xiaorang.lab"},"Members":[{"ObjectIdentifier":"S-1-5-21-1221599514-3194961069-2258431992-1000","ObjectType":"Computer"}],"Aces":[],"ObjectIdentifier":"XIAORANG.LAB-S-1-5-9","IsDeleted":false,"IsACLProtected":false}],"meta":{"methods":29675,"type":"groups","count":64,"version":5}}