﻿{"data":[{"GPOChanges":{"LocalAdmins":[],"RemoteDesktopUsers":[],"DcomUsers":[],"PSRemoteUsers":[],"AffectedComputers":[]},"Properties":{"domain":"XIAORANG.LAB","name":"XIAORANG.LAB","distinguishedname":"DC=XIAORANG,DC=LAB","domainsid":"S-1-5-21-1221599514-3194961069-2258431992","highvalue":true,"description":null,"whencreated":1694470345,"functionallevel":"2016"},"ChildObjects":[{"ObjectIdentifier":"1925703E-3BD4-447C-B397-57A5E3248C1B","ObjectType":"Container"},{"ObjectIdentifier":"DACBC5A8-CC4C-4C3E-A15A-D5E8CA233FED","ObjectType":"OU"},{"ObjectIdentifier":"4CD6E130-09E7-4F2F-A4A3-45AD9F19408B","ObjectType":"Container"},{"ObjectIdentifier":"516CC85C-87DE-4C43-9AF3-8B7C2A1C598B","ObjectType":"Container"},{"ObjectIdentifier":"380067A8-0229-4A02-85E3-4718A4D4E197","ObjectType":"Container"}],"Trusts":[],"Links":[{"IsEnforced":false,"GUID":"2420FF6E-CC48-45D1-8769-4E75A68F2640"}],"Aces":[{"PrincipalSID":"XIAORANG.LAB-S-1-5-32-544","PrincipalType":"Group","RightName":"Owns","IsInherited":false},{"PrincipalSID":"XIAORANG.LAB-S-1-5-32-544","PrincipalType":"Group","RightName":"WriteDacl","IsInherited":false},{"PrincipalSID":"XIAORANG.LAB-S-1-5-32-544","PrincipalType":"Group","RightName":"WriteOwner","IsInherited":false},{"PrincipalSID":"XIAORANG.LAB-S-1-5-32-544","PrincipalType":"Group","RightName":"AllExtendedRights","IsInherited":false},{"PrincipalSID":"S-1-5-21-1221599514-3194961069-2258431992-512","PrincipalType":"Group","RightName":"WriteDacl","IsInherited":false},{"PrincipalSID":"S-1-5-21-1221599514-3194961069-2258431992-512","PrincipalType":"Group","RightName":"WriteOwner","IsInherited":false},{"PrincipalSID":"S-1-5-21-1221599514-3194961069-2258431992-512","PrincipalType":"Group","RightName":"AllExtendedRights","IsInherited":false},{"PrincipalSID":"S-1-5-21-1221599514-3194961069-2258431992-519","PrincipalType":"Group","RightName":"GenericAll","IsInherited":false},{"PrincipalSID":"XIAORANG.LAB-S-1-5-9","PrincipalType":"Group","RightName":"GetChanges","IsInherited":false},{"PrincipalSID":"XIAORANG.LAB-S-1-5-9","PrincipalType":"Group","RightName":"GetChangesInFilteredSet","IsInherited":false},{"PrincipalSID":"XIAORANG.LAB-S-1-5-32-544","PrincipalType":"Group","RightName":"GetChangesAll","IsInherited":false},{"PrincipalSID":"XIAORANG.LAB-S-1-5-32-544","PrincipalType":"Group","RightName":"GetChanges","IsInherited":false},{"PrincipalSID":"XIAORANG.LAB-S-1-5-32-544","PrincipalType":"Group","RightName":"GetChangesInFilteredSet","IsInherited":false},{"PrincipalSID":"S-1-5-21-1221599514-3194961069-2258431992-498","PrincipalType":"Group","RightName":"GetChanges","IsInherited":false},{"PrincipalSID":"S-1-5-21-1221599514-3194961069-2258431992-516","PrincipalType":"Group","RightName":"GetChangesAll","IsInherited":false}],"ObjectIdentifier":"S-1-5-21-1221599514-3194961069-2258431992","IsDeleted":false,"IsACLProtected":false}],"meta":{"methods":29675,"type":"domains","count":1,"version":5}}