﻿{"data":[{"Properties":{"domain":"XIAORANG.LAB","name":"WIN2012.XIAORANG.LAB","distinguishedname":"CN=WIN2012,CN=COMPUTERS,DC=XIAORANG,DC=LAB","domainsid":"S-1-5-21-1221599514-3194961069-2258431992","highvalue":false,"samaccountname":"WIN2012$","haslaps":false,"description":null,"whencreated":1694527054,"enabled":true,"unconstraineddelegation":false,"trustedtoauth":false,"lastlogon":1698645386,"lastlogontimestamp":1698644494,"pwdlastset":1698645386,"serviceprincipalnames":["TERMSRV/WIN2012","TERMSRV/WIN2012.xiaorang.lab","WSMAN/WIN2012","WSMAN/WIN2012.xiaorang.lab","RestrictedKrbHost/WIN2012","HOST/WIN2012","RestrictedKrbHost/WIN2012.xiaorang.lab","HOST/WIN2012.xiaorang.lab"],"operatingsystem":"Windows Server 2012 R2 Datacenter","sidhistory":[]},"PrimaryGroupSID":"S-1-5-21-1221599514-3194961069-2258431992-515","AllowedToDelegate":[],"AllowedToAct":[],"HasSIDHistory":[],"Sessions":{"Results":[],"Collected":true,"FailureReason":null},"PrivilegedSessions":{"Results":[],"Collected":false,"FailureReason":null},"RegistrySessions":{"Results":[],"Collected":false,"FailureReason":null},"LocalAdmins":{"Results":[{"ObjectIdentifier":"S-1-5-21-1221599514-3194961069-2258431992-512","ObjectType":"Group"}],"Collected":true,"FailureReason":null},"RemoteDesktopUsers":{"Results":[{"ObjectIdentifier":"S-1-5-21-1221599514-3194961069-2258431992-1112","ObjectType":"User"}],"Collected":true,"FailureReason":null},"DcomUsers":{"Results":[],"Collected":true,"FailureReason":null},"PSRemoteUsers":{"Results":[{"ObjectIdentifier":"S-1-5-21-1221599514-3194961069-2258431992-1118","ObjectType":"Group"}],"Collected":true,"FailureReason":null},"Status":null,"Aces":[{"PrincipalSID":"S-1-5-21-1221599514-3194961069-2258431992-512","PrincipalType":"Group","RightName":"Owns","IsInherited":false},{"PrincipalSID":"XIAORANG.LAB-S-1-5-32-548","PrincipalType":"Group","RightName":"GenericAll","IsInherited":false},{"PrincipalSID":"S-1-5-21-1221599514-3194961069-2258431992-512","PrincipalType":"Group","RightName":"GenericAll","IsInherited":false},{"PrincipalSID":"S-1-5-21-1221599514-3194961069-2258431992-526","PrincipalType":"Group","RightName":"AddKeyCredentialLink","IsInherited":true},{"PrincipalSID":"S-1-5-21-1221599514-3194961069-2258431992-527","PrincipalType":"Group","RightName":"AddKeyCredentialLink","IsInherited":true},{"PrincipalSID":"S-1-5-21-1221599514-3194961069-2258431992-519","PrincipalType":"Group","RightName":"GenericAll","IsInherited":true},{"PrincipalSID":"XIAORANG.LAB-S-1-5-32-544","PrincipalType":"Group","RightName":"WriteDacl","IsInherited":true},{"PrincipalSID":"XIAORANG.LAB-S-1-5-32-544","PrincipalType":"Group","RightName":"WriteOwner","IsInherited":true},{"PrincipalSID":"XIAORANG.LAB-S-1-5-32-544","PrincipalType":"Group","RightName":"GenericWrite","IsInherited":true}],"ObjectIdentifier":"S-1-5-21-1221599514-3194961069-2258431992-1119","IsDeleted":false,"IsACLProtected":false},{"Properties":{"domain":"XIAORANG.LAB","name":"DC.XIAORANG.LAB","distinguishedname":"CN=DC,OU=DOMAIN CONTROLLERS,DC=XIAORANG,DC=LAB","domainsid":"S-1-5-21-1221599514-3194961069-2258431992","highvalue":false,"samaccountname":"DC$","haslaps":false,"description":null,"whencreated":1694470387,"enabled":true,"unconstraineddelegation":true,"trustedtoauth":false,"lastlogon":1698644488,"lastlogontimestamp":1698644485,"pwdlastset":1698644461,"serviceprincipalnames":["TERMSRV/DC","TERMSRV/DC.xiaorang.lab","Dfsr-12F9A27C-BF97-4787-9364-D31B6C55EB04/DC.xiaorang.lab","ldap/DC.xiaorang.lab/ForestDnsZones.xiaorang.lab","ldap/DC.xiaorang.lab/DomainDnsZones.xiaorang.lab","DNS/DC.xiaorang.lab","GC/DC.xiaorang.lab/xiaorang.lab","RestrictedKrbHost/DC.xiaorang.lab","RestrictedKrbHost/DC","RPC/171715fe-0bf0-4285-ac04-6c448c23170e._msdcs.xiaorang.lab","HOST/DC/XIAORANG","HOST/DC.xiaorang.lab/XIAORANG","HOST/DC","HOST/DC.xiaorang.lab","HOST/DC.xiaorang.lab/xiaorang.lab","E3514235-4B06-11D1-AB04-00C04FC2DCD2/171715fe-0bf0-4285-ac04-6c448c23170e/xiaorang.lab","ldap/DC/XIAORANG","ldap/171715fe-0bf0-4285-ac04-6c448c23170e._msdcs.xiaorang.lab","ldap/DC.xiaorang.lab/XIAORANG","ldap/DC","ldap/DC.xiaorang.lab","ldap/DC.xiaorang.lab/xiaorang.lab"],"operatingsystem":"Windows Server 2016 Datacenter","sidhistory":[]},"PrimaryGroupSID":"S-1-5-21-1221599514-3194961069-2258431992-516","AllowedToDelegate":[],"AllowedToAct":[],"HasSIDHistory":[],"Sessions":{"Results":[],"Collected":false,"FailureReason":"ERROR_ACCESS_DENIED"},"PrivilegedSessions":{"Results":[],"Collected":false,"FailureReason":null},"RegistrySessions":{"Results":[],"Collected":false,"FailureReason":null},"LocalAdmins":{"Results":[],"Collected":false,"FailureReason":"SAMRPCServerInit Failed"},"RemoteDesktopUsers":{"Results":[],"Collected":false,"FailureReason":"SAMRPCServerInit Failed"},"DcomUsers":{"Results":[],"Collected":false,"FailureReason":"SAMRPCServerInit Failed"},"PSRemoteUsers":{"Results":[],"Collected":false,"FailureReason":"SAMRPCServerInit Failed"},"Status":null,"Aces":[{"PrincipalSID":"S-1-5-21-1221599514-3194961069-2258431992-512","PrincipalType":"Group","RightName":"Owns","IsInherited":false},{"PrincipalSID":"S-1-5-21-1221599514-3194961069-2258431992-512","PrincipalType":"Group","RightName":"GenericAll","IsInherited":false},{"PrincipalSID":"S-1-5-21-1221599514-3194961069-2258431992-526","PrincipalType":"Group","RightName":"AddKeyCredentialLink","IsInherited":true},{"PrincipalSID":"S-1-5-21-1221599514-3194961069-2258431992-527","PrincipalType":"Group","RightName":"AddKeyCredentialLink","IsInherited":true},{"PrincipalSID":"S-1-5-21-1221599514-3194961069-2258431992-519","PrincipalType":"Group","RightName":"GenericAll","IsInherited":true},{"PrincipalSID":"XIAORANG.LAB-S-1-5-32-544","PrincipalType":"Group","RightName":"WriteDacl","IsInherited":true},{"PrincipalSID":"XIAORANG.LAB-S-1-5-32-544","PrincipalType":"Group","RightName":"WriteOwner","IsInherited":true},{"PrincipalSID":"XIAORANG.LAB-S-1-5-32-544","PrincipalType":"Group","RightName":"GenericWrite","IsInherited":true}],"ObjectIdentifier":"S-1-5-21-1221599514-3194961069-2258431992-1000","IsDeleted":false,"IsACLProtected":false},{"Properties":{"domain":"XIAORANG.LAB","name":"WEB.XIAORANG.LAB","distinguishedname":"CN=WEB,CN=COMPUTERS,DC=XIAORANG,DC=LAB","domainsid":"S-1-5-21-1221599514-3194961069-2258431992","highvalue":false,"samaccountname":"WEB$","haslaps":false,"description":null,"whencreated":1694530553,"enabled":true,"unconstraineddelegation":false,"trustedtoauth":false,"lastlogon":1698645346,"lastlogontimestamp":1698644485,"pwdlastset":1698645346,"serviceprincipalnames":["TERMSRV/WEB","TERMSRV/Web.xiaorang.lab","WSMAN/Web","WSMAN/Web.xiaorang.lab","RestrictedKrbHost/Web","HOST/Web","RestrictedKrbHost/Web.xiaorang.lab","HOST/Web.xiaorang.lab"],"operatingsystem":"Windows Server 2016 Datacenter","sidhistory":[]},"PrimaryGroupSID":"S-1-5-21-1221599514-3194961069-2258431992-515","AllowedToDelegate":[],"AllowedToAct":[],"HasSIDHistory":[],"Sessions":{"Results":[],"Collected":false,"FailureReason":"ERROR_ACCESS_DENIED"},"PrivilegedSessions":{"Results":[],"Collected":false,"FailureReason":null},"RegistrySessions":{"Results":[],"Collected":false,"FailureReason":null},"LocalAdmins":{"Results":[],"Collected":false,"FailureReason":"SAMRPCServerInit Failed"},"RemoteDesktopUsers":{"Results":[],"Collected":false,"FailureReason":"SAMRPCServerInit Failed"},"DcomUsers":{"Results":[],"Collected":false,"FailureReason":"SAMRPCServerInit Failed"},"PSRemoteUsers":{"Results":[],"Collected":false,"FailureReason":"SAMRPCServerInit Failed"},"Status":null,"Aces":[{"PrincipalSID":"S-1-5-21-1221599514-3194961069-2258431992-512","PrincipalType":"Group","RightName":"Owns","IsInherited":false},{"PrincipalSID":"XIAORANG.LAB-S-1-5-32-548","PrincipalType":"Group","RightName":"GenericAll","IsInherited":false},{"PrincipalSID":"S-1-5-21-1221599514-3194961069-2258431992-512","PrincipalType":"Group","RightName":"GenericAll","IsInherited":false},{"PrincipalSID":"S-1-5-21-1221599514-3194961069-2258431992-526","PrincipalType":"Group","RightName":"AddKeyCredentialLink","IsInherited":true},{"PrincipalSID":"S-1-5-21-1221599514-3194961069-2258431992-527","PrincipalType":"Group","RightName":"AddKeyCredentialLink","IsInherited":true},{"PrincipalSID":"S-1-5-21-1221599514-3194961069-2258431992-519","PrincipalType":"Group","RightName":"GenericAll","IsInherited":true},{"PrincipalSID":"XIAORANG.LAB-S-1-5-32-544","PrincipalType":"Group","RightName":"WriteDacl","IsInherited":true},{"PrincipalSID":"XIAORANG.LAB-S-1-5-32-544","PrincipalType":"Group","RightName":"WriteOwner","IsInherited":true},{"PrincipalSID":"XIAORANG.LAB-S-1-5-32-544","PrincipalType":"Group","RightName":"GenericWrite","IsInherited":true}],"ObjectIdentifier":"S-1-5-21-1221599514-3194961069-2258431992-1120","IsDeleted":false,"IsACLProtected":false}],"meta":{"methods":29675,"type":"computers","count":3,"version":5}}